--
-- 5/29/2021
--
-- Text encoding used: System
--
PRAGMA foreign_keys = off;

-- Table: manufacture
INSERT INTO manufacture (id, name, country_id) VALUES (1, 'Jaguar', 235);
INSERT INTO manufacture (id, name, country_id) VALUES (2, 'Aston Martin', 235);
INSERT INTO manufacture (id, name, country_id) VALUES (3, 'McLaren', 235);
INSERT INTO manufacture (id, name, country_id) VALUES (4, 'Lewis Hamilton', 235);
INSERT INTO manufacture (id, name, country_id) VALUES (5, 'Volkswagon', 84);
INSERT INTO manufacture (id, name, country_id) VALUES (6, 'Mercedes-Benz', 84);
INSERT INTO manufacture (id, name, country_id) VALUES (7, 'BMW', 84);
INSERT INTO manufacture (id, name, country_id) VALUES (8, 'Audi', 84);
INSERT INTO manufacture (id, name, country_id) VALUES (9, 'Mini', 84);
INSERT INTO manufacture (id, name, country_id) VALUES (10, 'Porsche', 84);
INSERT INTO manufacture (id, name, country_id) VALUES (11, 'Renault Sport', 77);
INSERT INTO manufacture (id, name, country_id) VALUES (12, 'Peugeot', 77);
INSERT INTO manufacture (id, name, country_id) VALUES (13, 'Citrogen', 77);
INSERT INTO manufacture (id, name, country_id) VALUES (14, 'Alpine', 77);
INSERT INTO manufacture (id, name, country_id) VALUES (15, 'Bugatti', 77);
INSERT INTO manufacture (id, name, country_id) VALUES (16, 'Alfa Romeo', 111);
INSERT INTO manufacture (id, name, country_id) VALUES (17, 'Ferrari', 111);
INSERT INTO manufacture (id, name, country_id) VALUES (18, 'Lamborghini', 111);
INSERT INTO manufacture (id, name, country_id) VALUES (19, 'Zagato', 111);
INSERT INTO manufacture (id, name, country_id) VALUES (20, 'De Tomaso', 111);
INSERT INTO manufacture (id, name, country_id) VALUES (21, 'Fiat', 111);
INSERT INTO manufacture (id, name, country_id) VALUES (22, 'Abarth', 111);
INSERT INTO manufacture (id, name, country_id) VALUES (23, 'Lancia', 111);
INSERT INTO manufacture (id, name, country_id) VALUES (24, 'KTM', 15);
INSERT INTO manufacture (id, name, country_id) VALUES (25, 'Super Formula', 113);
INSERT INTO manufacture (id, name, country_id) VALUES (26, 'Toyota', 113);
INSERT INTO manufacture (id, name, country_id) VALUES (27, 'Nissan', 113);
INSERT INTO manufacture (id, name, country_id) VALUES (28, 'Honda', 113);
INSERT INTO manufacture (id, name, country_id) VALUES (29, 'Mazda', 113);
INSERT INTO manufacture (id, name, country_id) VALUES (30, 'Subaru', 113);
INSERT INTO manufacture (id, name, country_id) VALUES (31, 'Mitsubishi Motors', 113);
INSERT INTO manufacture (id, name, country_id) VALUES (32, 'Daihatsu', 113);
INSERT INTO manufacture (id, name, country_id) VALUES (33, 'Lexus', 113);
INSERT INTO manufacture (id, name, country_id) VALUES (34, 'Gran Turismo', 113);
INSERT INTO manufacture (id, name, country_id) VALUES (35, 'Suzuki', 113);
INSERT INTO manufacture (id, name, country_id) VALUES (36, 'Hyundai', 120);
INSERT INTO manufacture (id, name, country_id) VALUES (37, 'Chevrolet', 237);
INSERT INTO manufacture (id, name, country_id) VALUES (38, 'Ford', 237);
INSERT INTO manufacture (id, name, country_id) VALUES (39, 'Dodge', 237);
INSERT INTO manufacture (id, name, country_id) VALUES (40, 'Infiniti', 237);
INSERT INTO manufacture (id, name, country_id) VALUES (41, 'Chaparral', 237);
INSERT INTO manufacture (id, name, country_id) VALUES (42, 'Fittipaldi Motors', 237);
INSERT INTO manufacture (id, name, country_id) VALUES (43, 'Shelby', 237);
INSERT INTO manufacture (id, name, country_id) VALUES (44, 'Plymouth', 237);
INSERT INTO manufacture (id, name, country_id) VALUES (45, 'Telsa', 237);
INSERT INTO manufacture (id, name, country_id) VALUES (46, 'Pontiac', 237);
INSERT INTO manufacture (id, name, country_id) VALUES (47, 'TVR', 235);
INSERT INTO manufacture (id, name, country_id) VALUES (48, 'RUF', 84);
INSERT INTO manufacture (id, name, country_id) VALUES (49, 'Maserati', 111);
INSERT INTO manufacture (id, name, country_id) VALUES (50, 'Renault', 77);
INSERT INTO manufacture (id, name, country_id) VALUES (51, 'Pagani', 111);
INSERT INTO manufacture (id, name, country_id) VALUES (52, 'RE Amemiya', 113);

-- Table: track
INSERT INTO track (id, name, country_id) VALUES (1, 'Northern Isle Speedway', NULL);
INSERT INTO track (id, name, country_id) VALUES (2, 'Dragon Tail', 56);
INSERT INTO track (id, name, country_id) VALUES (3, 'Colorado Springs', 237);
INSERT INTO track (id, name, country_id) VALUES (4, 'Autodrome Lago Maggiore', 111);
INSERT INTO track (id, name, country_id) VALUES (5, 'Kyoto Driving Park', 113);
INSERT INTO track (id, name, country_id) VALUES (6, 'Sardegna', 111);
INSERT INTO track (id, name, country_id) VALUES (7, 'Blue Moon Bay Speedway', 237);
INSERT INTO track (id, name, country_id) VALUES (8, 'Tsukuba Circuit', 113);
INSERT INTO track (id, name, country_id) VALUES (9, 'Brands Hatch', 235);
INSERT INTO track (id, name, country_id) VALUES (10, 'Tokyo Expressway', 113);
INSERT INTO track (id, name, country_id) VALUES (11, 'Willow Springs', 237);
INSERT INTO track (id, name, country_id) VALUES (12, 'BB Raceway', 113);
INSERT INTO track (id, name, country_id) VALUES (13, 'Suzuka Circuit', 113);
INSERT INTO track (id, name, country_id) VALUES (14, 'Autopolis International Racing Course', 113);
INSERT INTO track (id, name, country_id) VALUES (15, 'Circuit de Barcelona-Catalunya', 210);
INSERT INTO track (id, name, country_id) VALUES (16, 'Circuit de Sainte-Croix', 77);
INSERT INTO track (id, name, country_id) VALUES (17, 'Alsace - Village', 77);
INSERT INTO track (id, name, country_id) VALUES (18, 'Autoromo Nazionale Monza', 111);
INSERT INTO track (id, name, country_id) VALUES (19, 'Goodwood Motor Circuit', 235);
INSERT INTO track (id, name, country_id) VALUES (20, 'Mount Panorama Motor Racing Circuit', 14);
INSERT INTO track (id, name, country_id) VALUES (21, 'Red Bull Ring', 15);
INSERT INTO track (id, name, country_id) VALUES (22, 'Special Stage Route X', 237);
INSERT INTO track (id, name, country_id) VALUES (23, 'Fishermans Ranch', 237);
INSERT INTO track (id, name, country_id) VALUES (24, 'Circuit de Spa-Francochamps', 22);
INSERT INTO track (id, name, country_id) VALUES (25, 'Circuit de la Sarthe', 77);
INSERT INTO track (id, name, country_id) VALUES (26, 'Autodromo de Interlagos', 32);
INSERT INTO track (id, name, country_id) VALUES (27, 'Fuji International Speedway', 113);
INSERT INTO track (id, name, country_id) VALUES (28, 'Nurburgring', 84);

-- Table: track_layout
INSERT INTO track_layout (id, track_id, name, miles, circuit_id) VALUES (1, 1, 'Default', 0.56, 1);
INSERT INTO track_layout (id, track_id, name, miles, circuit_id) VALUES (2, 2, 'Seaside', 3.24, 1);
INSERT INTO track_layout (id, track_id, name, miles, circuit_id) VALUES (3, 2, 'Seaside II', 3.24, 1);
INSERT INTO track_layout (id, track_id, name, miles, circuit_id) VALUES (4, 2, 'Gardens', 2.7, 1);
INSERT INTO track_layout (id, track_id, name, miles, circuit_id) VALUES (5, 2, 'Gardens II', 2.7, 1);
INSERT INTO track_layout (id, track_id, name, miles, circuit_id) VALUES (6, 3, 'Lake', 1.86, 2);
INSERT INTO track_layout (id, track_id, name, miles, circuit_id) VALUES (7, 3, 'Lake II', 1.86, 2);
INSERT INTO track_layout (id, track_id, name, miles, circuit_id) VALUES (8, 4, 'GP', 3.61, 1);
INSERT INTO track_layout (id, track_id, name, miles, circuit_id) VALUES (9, 4, 'GP II', 3.61, 1);
INSERT INTO track_layout (id, track_id, name, miles, circuit_id) VALUES (10, 4, 'Center', 1.06, 1);
INSERT INTO track_layout (id, track_id, name, miles, circuit_id) VALUES (11, 4, 'East', 2.26, 1);
INSERT INTO track_layout (id, track_id, name, miles, circuit_id) VALUES (12, 4, 'West', 2.59, 1);
INSERT INTO track_layout (id, track_id, name, miles, circuit_id) VALUES (13, 4, 'Center II', 1.06, 1);
INSERT INTO track_layout (id, track_id, name, miles, circuit_id) VALUES (14, 4, 'East II', 2.26, 1);
INSERT INTO track_layout (id, track_id, name, miles, circuit_id) VALUES (15, 4, 'West II', 2.59, 1);
INSERT INTO track_layout (id, track_id, name, miles, circuit_id) VALUES (16, 5, 'Yamagiwa', 3.05, 1);
INSERT INTO track_layout (id, track_id, name, miles, circuit_id) VALUES (17, 5, 'Yamagiwa II', 3.05, 1);
INSERT INTO track_layout (id, track_id, name, miles, circuit_id) VALUES (18, 5, 'Miyabi', 1.21, 1);
INSERT INTO track_layout (id, track_id, name, miles, circuit_id) VALUES (19, 5, 'Yamagiwa+Miyabi', 4.25, 1);
INSERT INTO track_layout (id, track_id, name, miles, circuit_id) VALUES (20, 5, 'Yamagiwa+Miyabi II', 4.25, 1);
INSERT INTO track_layout (id, track_id, name, miles, circuit_id) VALUES (21, 6, 'Windmills', 2.06, 2);
INSERT INTO track_layout (id, track_id, name, miles, circuit_id) VALUES (22, 6, 'Windmills II', 2.06, 2);
INSERT INTO track_layout (id, track_id, name, miles, circuit_id) VALUES (23, 6, 'Road Track - A', 3.18, 1);
INSERT INTO track_layout (id, track_id, name, miles, circuit_id) VALUES (24, 6, 'Road Track - A II', 3.18, 1);
INSERT INTO track_layout (id, track_id, name, miles, circuit_id) VALUES (25, 6, 'Road Track - B', 2.42, 1);
INSERT INTO track_layout (id, track_id, name, miles, circuit_id) VALUES (26, 6, 'Road Track - B II', 2.42, 1);
INSERT INTO track_layout (id, track_id, name, miles, circuit_id) VALUES (27, 6, 'Road Track.- C', 1.65, 1);
INSERT INTO track_layout (id, track_id, name, miles, circuit_id) VALUES (28, 6, 'Road Track -C II', 1.65, 1);
INSERT INTO track_layout (id, track_id, name, miles, circuit_id) VALUES (29, 7, 'Default', 1.99, 1);
INSERT INTO track_layout (id, track_id, name, miles, circuit_id) VALUES (30, 7, 'II', 1.99, 1);
INSERT INTO track_layout (id, track_id, name, miles, circuit_id) VALUES (31, 7, 'Infield A', 2.08, 1);
INSERT INTO track_layout (id, track_id, name, miles, circuit_id) VALUES (32, 7, 'Infield A II', 2.08, 1);
INSERT INTO track_layout (id, track_id, name, miles, circuit_id) VALUES (33, 7, 'Infield B', 1.78, 1);
INSERT INTO track_layout (id, track_id, name, miles, circuit_id) VALUES (34, 7, 'Infield B II', 1.78, 1);
INSERT INTO track_layout (id, track_id, name, miles, circuit_id) VALUES (35, 8, 'Default', 1.27, 3);
INSERT INTO track_layout (id, track_id, name, miles, circuit_id) VALUES (36, 9, 'Grand Prix Circuit', 2.45, 3);
INSERT INTO track_layout (id, track_id, name, miles, circuit_id) VALUES (37, 9, 'Indy Circuit', 1.21, 3);
INSERT INTO track_layout (id, track_id, name, miles, circuit_id) VALUES (38, 10, 'Central Outer Loop', 2.74, 4);
INSERT INTO track_layout (id, track_id, name, miles, circuit_id) VALUES (39, 10, 'Central Inner Loop', 2.72, 4);
INSERT INTO track_layout (id, track_id, name, miles, circuit_id) VALUES (40, 10, 'East Outer Loop', 4.54, 4);
INSERT INTO track_layout (id, track_id, name, miles, circuit_id) VALUES (41, 10, 'East Inner Loop', 4.47, 4);
INSERT INTO track_layout (id, track_id, name, miles, circuit_id) VALUES (42, 10, 'South Outer Loop', 3.23, 4);
INSERT INTO track_layout (id, track_id, name, miles, circuit_id) VALUES (43, 10, 'South Inner Loop', 4.08, 4);
INSERT INTO track_layout (id, track_id, name, miles, circuit_id) VALUES (44, 11, 'Big Willow', 2.46, 3);
INSERT INTO track_layout (id, track_id, name, miles, circuit_id) VALUES (45, 11, 'Streets of Willow Springs', 1.66, 3);
INSERT INTO track_layout (id, track_id, name, miles, circuit_id) VALUES (46, 11, 'Streets of Willow Springs II', 1.66, 3);
INSERT INTO track_layout (id, track_id, name, miles, circuit_id) VALUES (47, 11, 'Horse Thief Mile', 1.01, 3);
INSERT INTO track_layout (id, track_id, name, miles, circuit_id) VALUES (48, 11, 'Horse Thief Mill II', 1.01, 3);
INSERT INTO track_layout (id, track_id, name, miles, circuit_id) VALUES (49, 12, 'Default', 1.04, 1);
INSERT INTO track_layout (id, track_id, name, miles, circuit_id) VALUES (50, 12, 'II', 1.04, 1);
INSERT INTO track_layout (id, track_id, name, miles, circuit_id) VALUES (51, 13, 'Default', 3.61, 3);
INSERT INTO track_layout (id, track_id, name, miles, circuit_id) VALUES (52, 13, 'East Course', 1.39, 3);
INSERT INTO track_layout (id, track_id, name, miles, circuit_id) VALUES (53, 14, 'Default', 2.9, 3);
INSERT INTO track_layout (id, track_id, name, miles, circuit_id) VALUES (54, 14, 'Shortcut Course', 1.88, 3);
INSERT INTO track_layout (id, track_id, name, miles, circuit_id) VALUES (55, 15, 'Grand Prix Layout', 2.89, 3);
INSERT INTO track_layout (id, track_id, name, miles, circuit_id) VALUES (56, 16, 'A', 5.89, 1);
INSERT INTO track_layout (id, track_id, name, miles, circuit_id) VALUES (57, 16, 'A II', 5.89, 1);
INSERT INTO track_layout (id, track_id, name, miles, circuit_id) VALUES (58, 16, 'B', 4.39, 1);
INSERT INTO track_layout (id, track_id, name, miles, circuit_id) VALUES (59, 16, 'B II', 4.39, 1);
INSERT INTO track_layout (id, track_id, name, miles, circuit_id) VALUES (60, 16, 'C', 6.73, 1);
INSERT INTO track_layout (id, track_id, name, miles, circuit_id) VALUES (61, 16, 'C II', 6.73, 1);
INSERT INTO track_layout (id, track_id, name, miles, circuit_id) VALUES (62, 17, 'Default', 3.37, 1);
INSERT INTO track_layout (id, track_id, name, miles, circuit_id) VALUES (63, 17, 'II', 3.37, 1);
INSERT INTO track_layout (id, track_id, name, miles, circuit_id) VALUES (64, 18, 'Default', 3.6, 3);
INSERT INTO track_layout (id, track_id, name, miles, circuit_id) VALUES (65, 18, 'No Chicane', 3.58, 3);
INSERT INTO track_layout (id, track_id, name, miles, circuit_id) VALUES (66, 19, 'Default', 2.37, 3);
INSERT INTO track_layout (id, track_id, name, miles, circuit_id) VALUES (67, 20, 'Default', 3.86, 3);
INSERT INTO track_layout (id, track_id, name, miles, circuit_id) VALUES (68, 21, 'Default', 2.68, 3);
INSERT INTO track_layout (id, track_id, name, miles, circuit_id) VALUES (69, 21, 'Short Track', 1.45, 3);
INSERT INTO track_layout (id, track_id, name, miles, circuit_id) VALUES (70, 22, 'Default', 18.82, 1);
INSERT INTO track_layout (id, track_id, name, miles, circuit_id) VALUES (71, 23, 'Default', 4.28, 2);
INSERT INTO track_layout (id, track_id, name, miles, circuit_id) VALUES (72, 23, 'II', 4.28, 2);
INSERT INTO track_layout (id, track_id, name, miles, circuit_id) VALUES (73, 24, 'Default', 4.35, 3);
INSERT INTO track_layout (id, track_id, name, miles, circuit_id) VALUES (74, 25, 'Default', 8.47, 3);
INSERT INTO track_layout (id, track_id, name, miles, circuit_id) VALUES (75, 25, 'No Chicane', 8.43, 3);
INSERT INTO track_layout (id, track_id, name, miles, circuit_id) VALUES (76, 26, 'Default', 2.68, 3);
INSERT INTO track_layout (id, track_id, name, miles, circuit_id) VALUES (77, 27, 'Default', 2.84, 3);
INSERT INTO track_layout (id, track_id, name, miles, circuit_id) VALUES (78, 27, '(Short)', 2.81, 3);
INSERT INTO track_layout (id, track_id, name, miles, circuit_id) VALUES (79, 28, 'Nordschleife', 12.95, 3);
INSERT INTO track_layout (id, track_id, name, miles, circuit_id) VALUES (80, 28, '24h', 15.77, 3);
INSERT INTO track_layout (id, track_id, name, miles, circuit_id) VALUES (81, 28, 'GP', 3.2, 3);

-- Table: race_collection
INSERT INTO race_collection (id, league_id, name, description, cat_id, prize1, prize2, prize3) VALUES (1, 2, 'Sunday Cup', 'The grassroots introduction to racing. No restrictions on car models.', 10, 5000, 3000, 2000);
INSERT INTO race_collection (id, league_id, name, description, cat_id, prize1, prize2, prize3) VALUES (2, 1, 'Clubman Cup', 'An event for beginners just getting the hang of racing. No restrctions on car models.', 11, 30000, 15000, 10000);
INSERT INTO race_collection (id, league_id, name, description, cat_id, prize1, prize2, prize3) VALUES (3, 2, 'FF Challenge', 'Master Front wheel drive sports cars with understeer.', 10, 6000, 3500, 2500);
INSERT INTO race_collection (id, league_id, name, description, cat_id, prize1, prize2, prize3) VALUES (4, 2, 'Clio cup', 'A one-make race in the Renault Clio for beginner racers.', 8, 7000, 4000, 3000);
INSERT INTO race_collection (id, league_id, name, description, cat_id, prize1, prize2, prize3) VALUES (5, 2, 'Mazda Roadsters Cup', 'A one-make series for Mazda Roadsters, providing an entry level race category.', 7, 10000, 6000, 4000);
INSERT INTO race_collection (id, league_id, name, description, cat_id, prize1, prize2, prize3) VALUES (6, 2, 'F-150 Raptor Survial', 'the final word in American pickup trucks. A Ford F-150 one-make event.', 10, 12000, 8000, 6000);
INSERT INTO race_collection (id, league_id, name, description, cat_id, prize1, prize2, prize3) VALUES (7, 2, 'Stars & Stripes', 'The race to find the fastest most menacing American sports carl Cany you handle the power?', 10, 13000, 9000, 7000);
INSERT INTO race_collection (id, league_id, name, description, cat_id, prize1, prize2, prize3) VALUES (8, 2, 'Nissan GT-R Cup', 'A one-make race for the GT-R, featuring Nissan''s iconic sparts car.', 10, 14000, 10000, 9000);
INSERT INTO race_collection (id, league_id, name, description, cat_id, prize1, prize2, prize3) VALUES (9, 2, 'Competition de France', 'Cute, sporty, a clash of the unique. An event for French Cars.', 9, 11000, 7000, 5000);
INSERT INTO race_collection (id, league_id, name, description, cat_id, prize1, prize2, prize3) VALUES (10, 2, 'Group 4 Cup', 'You''ll find plenty of power and excellent handling in these Group 4 races.', 4, 17000, 13000, 10000);
INSERT INTO race_collection (id, league_id, name, description, cat_id, prize1, prize2, prize3) VALUES (11, 2, 'Lightweight K Cup', 'This race consists of compact cars available only in Japan, powered by 660-cc engines.', 7, 9500, 6000, 4000);
INSERT INTO race_collection (id, league_id, name, description, cat_id, prize1, prize2, prize3) VALUES (12, 2, 'Beetle & Samba Bus Fest', 'Two uniquely-shaped vehicles with air-cooled flat-4 engines from the good ol''days, the Volkswagen "Beetle" and the Samba Bus, are featured in this event.', 7, 10500, 6500, 5000);
INSERT INTO race_collection (id, league_id, name, description, cat_id, prize1, prize2, prize3) VALUES (13, 2, 'The Passion of Dr. Wankel', 'A special event for cars powered by the rotary engine, which was invented by Felix Wankel of Germany.', 10, 10000, 6000, 4000);
INSERT INTO race_collection (id, league_id, name, description, cat_id, prize1, prize2, prize3) VALUES (14, 2, 'Mini Challenge', 'MINI fans unite! An event for the cute but quick MINI Cooper.', 7, 10000, 6000, 4000);
INSERT INTO race_collection (id, league_id, name, description, cat_id, prize1, prize2, prize3) VALUES (15, 2, 'Z Heritage', 'The "Z" only event for Nissan''s iconic front-engine rear-wheel-drive sports car, with its flowing body and high-powered engine.', 9, 12500, 8500, 6500);
INSERT INTO race_collection (id, league_id, name, description, cat_id, prize1, prize2, prize3) VALUES (16, 2, 'FR Challenge', 'A race series limited to front-engine/rear-wheel drive cars. Hone your countersteering technique.', 10, 8000, 4500, 3500);
INSERT INTO race_collection (id, league_id, name, description, cat_id, prize1, prize2, prize3) VALUES (17, 1, 'Tourist Trophy', 'A one-make race series for the Audi TT, crowned with its own name.', 9, 35000, 20000, 12000);
INSERT INTO race_collection (id, league_id, name, description, cat_id, prize1, prize2, prize3) VALUES (18, 1, '4WD Challenge', 'Races for four-wheel drives, with everything from 4-door sedans to supercars.', 10, 40000, 25000, 15000);
INSERT INTO race_collection (id, league_id, name, description, cat_id, prize1, prize2, prize3) VALUES (19, 1, 'FR Challenge +', 'The intermediate level series of the FR Challenge, limited to front-engine rear-wheel drives.', 12, 45000, 28000, 18000);
INSERT INTO race_collection (id, league_id, name, description, cat_id, prize1, prize2, prize3) VALUES (20, 1, 'Boxer Spirit', 'A race series for cars with horizontally-ooposed engines. Enjoy their low center of gravity and bask in their unique sounds.', 11, 50000, 30000, 20000);
INSERT INTO race_collection (id, league_id, name, description, cat_id, prize1, prize2, prize3) VALUES (21, 1, 'Mazda Roadsters Cup +', 'An intermediate level category for the one-make series with the Mazda Roadster.', 7, 55000, 33000, 22000);
INSERT INTO race_collection (id, league_id, name, description, cat_id, prize1, prize2, prize3) VALUES (22, 1, 'J-Sports Meeting', 'A diverse assortment of unique and high performance Japanese sports cars.', 9, 57000, 36000, 25000);
INSERT INTO race_collection (id, league_id, name, description, cat_id, prize1, prize2, prize3) VALUES (23, 1, 'Vision Gran Turismo Trophy', 'A competition of Vision Gran Turismo vehicles, which represent the pinnacle of technology and design.', 6, 60000, 38000, 28000);
INSERT INTO race_collection (id, league_id, name, description, cat_id, prize1, prize2, prize3) VALUES (24, 1, 'Red Bull X-Junior Series', 'Entry Level Red Bull X Series, X2014 Jr. One-Make Race.', 6, 65000, 40000, 33000);
INSERT INTO race_collection (id, league_id, name, description, cat_id, prize1, prize2, prize3) VALUES (25, 1, 'Gr. B Rallycross', 'By grip or drift'' your fate lies in total control of your machine. this race is for Group B rally cars.', 5, 62000, 38000, 30000);
INSERT INTO race_collection (id, league_id, name, description, cat_id, prize1, prize2, prize3) VALUES (26, 1, 'World Hatchback Championship', 'This race features hatchbacks, which are cars with rear doors that open upward.', 9, 48000, 32000, 20000);
INSERT INTO race_collection (id, league_id, name, description, cat_id, prize1, prize2, prize3) VALUES (27, 1, 'Nostalgic Car Festival', 'With beautiful designs and sensuous sounds, these classics represent cars from a bygone era.', 10, 53000, 35000, 23000);
INSERT INTO race_collection (id, league_id, name, description, cat_id, prize1, prize2, prize3) VALUES (28, 1, 'Group 3 Cup', 'Stay focused and take the checkered flag in this Grp 3 battle of the bravest pilots.', 3, 58000, 37000, 26000);
INSERT INTO race_collection (id, league_id, name, description, cat_id, prize1, prize2, prize3) VALUES (29, 1, 'Real Circuit Tours', 'A race series on real-world tracks, involving non-racecars with 394 HP or less.', 10, 55000, 33000, 22000);
INSERT INTO race_collection (id, league_id, name, description, cat_id, prize1, prize2, prize3) VALUES (30, 1, 'Supra Legend', 'This special race event for the Toyota Supra features a group of the company''s high-powered front-engine/rear-wheel sports car developed for racing.', 9, 50000, 31000, 21000);
INSERT INTO race_collection (id, league_id, name, description, cat_id, prize1, prize2, prize3) VALUES (31, 1, 'Super Formula Championships', 'This one-make race features the Dallara SF19 from the Supoer Formula series, among the most preeminent motorsports categories in Japan.', 6, 110000, 60000, 40000);
INSERT INTO race_collection (id, league_id, name, description, cat_id, prize1, prize2, prize3) VALUES (32, 4, 'Midship Challenge', '', 12, 80000, 40000, 25000);
INSERT INTO race_collection (id, league_id, name, description, cat_id, prize1, prize2, prize3) VALUES (33, 4, 'Premium Sports Lounge', '', 16, 100000, 50000, 30000);
INSERT INTO race_collection (id, league_id, name, description, cat_id, prize1, prize2, prize3) VALUES (34, 4, 'La Festa Cavallino', '', 12, 120000, 70000, 50000);
INSERT INTO race_collection (id, league_id, name, description, cat_id, prize1, prize2, prize3) VALUES (35, 4, 'F1500 Championship', '', 6, 180000, 100000, 70000);
INSERT INTO race_collection (id, league_id, name, description, cat_id, prize1, prize2, prize3) VALUES (36, 4, 'All Japan GT Car Championships', '', 2, 200000, 110000, 80000);
INSERT INTO race_collection (id, league_id, name, description, cat_id, prize1, prize2, prize3) VALUES (37, 4, 'Vision Gran Turismo Trohpy +', '', 6, 150000, 90000, 60000);
INSERT INTO race_collection (id, league_id, name, description, cat_id, prize1, prize2, prize3) VALUES (38, 4, 'Lamborghini Cup', '', 12, 110000, 65000, 45000);
INSERT INTO race_collection (id, league_id, name, description, cat_id, prize1, prize2, prize3) VALUES (39, 4, 'Mercedes AMG Grand Prix', '', 6, 240000, 130000, 100000);
INSERT INTO race_collection (id, league_id, name, description, cat_id, prize1, prize2, prize3) VALUES (40, 4, 'Nostalgic 1979', '', 6, 160000, 97000, 65000);
INSERT INTO race_collection (id, league_id, name, description, cat_id, prize1, prize2, prize3) VALUES (41, 4, 'Group 1 Cup', '', 1, 220000, 120000, 90000);
INSERT INTO race_collection (id, league_id, name, description, cat_id, prize1, prize2, prize3) VALUES (42, 4, 'X2014 Nations Cup', '', 6, 230000, 125000, 95000);
INSERT INTO race_collection (id, league_id, name, description, cat_id, prize1, prize2, prize3) VALUES (43, 3, 'Gr.1 Prototype endurance Series', '', 1, 400000, 200000, 100000);
INSERT INTO race_collection (id, league_id, name, description, cat_id, prize1, prize2, prize3) VALUES (44, 3, 'Porsche Cup', '', 11, 420000, 210000, 120000);
INSERT INTO race_collection (id, league_id, name, description, cat_id, prize1, prize2, prize3) VALUES (45, 3, 'Gr.3 Endurance Series', '', 3, 440000, 230000, 130000);
INSERT INTO race_collection (id, league_id, name, description, cat_id, prize1, prize2, prize3) VALUES (46, 3, 'Competition Endurance Series', '', 6, 500000, 300000, 260000);

PRAGMA foreign_keys = on;
