--
-- Text encoding used: System
--
PRAGMA foreign_keys = off;

-- Table: manufacture
INSERT INTO manufacture (id, name, country_id) VALUES (1, 'Jaguar', 235);
INSERT INTO manufacture (id, name, country_id) VALUES (2, 'Aston Martin', 235);
INSERT INTO manufacture (id, name, country_id) VALUES (3, 'McLaren', 235);
INSERT INTO manufacture (id, name, country_id) VALUES (4, 'Lewis Hamilton', 235);
INSERT INTO manufacture (id, name, country_id) VALUES (5, 'Volkswagon', 84);
INSERT INTO manufacture (id, name, country_id) VALUES (6, 'Mercedes-Benz', 84);
INSERT INTO manufacture (id, name, country_id) VALUES (7, 'BMW', 84);
INSERT INTO manufacture (id, name, country_id) VALUES (8, 'Audi', 84);
INSERT INTO manufacture (id, name, country_id) VALUES (9, 'Mini', 84);
INSERT INTO manufacture (id, name, country_id) VALUES (10, 'Porsche', 84);
INSERT INTO manufacture (id, name, country_id) VALUES (11, 'Renault Sport', 77);
INSERT INTO manufacture (id, name, country_id) VALUES (12, 'Peugeot', 77);
INSERT INTO manufacture (id, name, country_id) VALUES (13, 'Citrogen', 77);
INSERT INTO manufacture (id, name, country_id) VALUES (14, 'Alpine', 77);
INSERT INTO manufacture (id, name, country_id) VALUES (15, 'Bugatti', 77);
INSERT INTO manufacture (id, name, country_id) VALUES (16, 'Alfa Romeo', 111);
INSERT INTO manufacture (id, name, country_id) VALUES (17, 'Ferrari', 111);
INSERT INTO manufacture (id, name, country_id) VALUES (18, 'Lamborghini', 111);
INSERT INTO manufacture (id, name, country_id) VALUES (19, 'Zagato', 111);
INSERT INTO manufacture (id, name, country_id) VALUES (20, 'De Tomaso', 111);
INSERT INTO manufacture (id, name, country_id) VALUES (21, 'Fiat', 111);
INSERT INTO manufacture (id, name, country_id) VALUES (22, 'Abarth', 111);
INSERT INTO manufacture (id, name, country_id) VALUES (23, 'Lancia', 111);
INSERT INTO manufacture (id, name, country_id) VALUES (24, 'KTM', 15);
INSERT INTO manufacture (id, name, country_id) VALUES (25, 'Super Formula', 113);
INSERT INTO manufacture (id, name, country_id) VALUES (26, 'Toyota', 113);
INSERT INTO manufacture (id, name, country_id) VALUES (27, 'Nissan', 113);
INSERT INTO manufacture (id, name, country_id) VALUES (28, 'Honda', 113);
INSERT INTO manufacture (id, name, country_id) VALUES (29, 'Mazda', 113);
INSERT INTO manufacture (id, name, country_id) VALUES (30, 'Subaru', 113);
INSERT INTO manufacture (id, name, country_id) VALUES (31, 'Mitsubishi Motors', 113);
INSERT INTO manufacture (id, name, country_id) VALUES (32, 'Daihatsu', 113);
INSERT INTO manufacture (id, name, country_id) VALUES (33, 'Lexus', 113);
INSERT INTO manufacture (id, name, country_id) VALUES (34, 'Gran Turismo', 113);
INSERT INTO manufacture (id, name, country_id) VALUES (35, 'Suzuki', 113);
INSERT INTO manufacture (id, name, country_id) VALUES (36, 'Hyundai', 120);
INSERT INTO manufacture (id, name, country_id) VALUES (37, 'Chevrolet', 237);
INSERT INTO manufacture (id, name, country_id) VALUES (38, 'Ford', 237);
INSERT INTO manufacture (id, name, country_id) VALUES (39, 'Dodge', 237);
INSERT INTO manufacture (id, name, country_id) VALUES (40, 'Infiniti', 237);
INSERT INTO manufacture (id, name, country_id) VALUES (41, 'Chaparral', 237);
INSERT INTO manufacture (id, name, country_id) VALUES (42, 'Fittipaldi Motors', 237);
INSERT INTO manufacture (id, name, country_id) VALUES (43, 'Shelby', 237);
INSERT INTO manufacture (id, name, country_id) VALUES (44, 'Plymouth', 237);
INSERT INTO manufacture (id, name, country_id) VALUES (45, 'Telsa', 237);
INSERT INTO manufacture (id, name, country_id) VALUES (46, 'Pontiac', 237);
INSERT INTO manufacture (id, name, country_id) VALUES (47, 'TVR', 235);
INSERT INTO manufacture (id, name, country_id) VALUES (48, 'RUF', 84);
INSERT INTO manufacture (id, name, country_id) VALUES (49, 'Maserati', 111);
INSERT INTO manufacture (id, name, country_id) VALUES (50, 'Renault', 77);
INSERT INTO manufacture (id, name, country_id) VALUES (51, 'Pagani', 111);
INSERT INTO manufacture (id, name, country_id) VALUES (52, 'RE Amemiya', 113);

-- Table: track
INSERT INTO track (id, name, country_id) VALUES (1, 'Northern Isle Speedway', NULL);
INSERT INTO track (id, name, country_id) VALUES (2, 'Dragon Tail', 56);
INSERT INTO track (id, name, country_id) VALUES (3, 'Colorado Springs', 237);
INSERT INTO track (id, name, country_id) VALUES (4, 'Autodrome Lago Maggiore', 111);
INSERT INTO track (id, name, country_id) VALUES (5, 'Kyoto Driving Park', 113);
INSERT INTO track (id, name, country_id) VALUES (6, 'Sardegna', 111);
INSERT INTO track (id, name, country_id) VALUES (7, 'Blue Moon Bay Speedway', 237);
INSERT INTO track (id, name, country_id) VALUES (8, 'Tsukuba Circuit', 113);
INSERT INTO track (id, name, country_id) VALUES (9, 'Brands Hatch', 235);
INSERT INTO track (id, name, country_id) VALUES (10, 'Tokyo Expressway', 113);
INSERT INTO track (id, name, country_id) VALUES (11, 'Willow Springs', 237);
INSERT INTO track (id, name, country_id) VALUES (12, 'BB Raceway', 113);
INSERT INTO track (id, name, country_id) VALUES (13, 'Suzuka Circuit', 113);
INSERT INTO track (id, name, country_id) VALUES (14, 'Autopolis International Racing Course', 113);
INSERT INTO track (id, name, country_id) VALUES (15, 'Circuit de Barcelona-Catalunya', 210);
INSERT INTO track (id, name, country_id) VALUES (16, 'Circuit de Sainte-Croix', 77);
INSERT INTO track (id, name, country_id) VALUES (17, 'Alsace - Village', 77);
INSERT INTO track (id, name, country_id) VALUES (18, 'Autodromo Nazionale Monza', 111);
INSERT INTO track (id, name, country_id) VALUES (19, 'Goodwood Motor Circuit', 235);
INSERT INTO track (id, name, country_id) VALUES (20, 'Mount Panorama Motor Racing Circuit', 14);
INSERT INTO track (id, name, country_id) VALUES (21, 'Red Bull Ring', 15);
INSERT INTO track (id, name, country_id) VALUES (22, 'Special Stage Route X', 237);
INSERT INTO track (id, name, country_id) VALUES (23, 'Fishermans Ranch', 237);
INSERT INTO track (id, name, country_id) VALUES (24, 'Circuit de Spa-Francochamps', 22);
INSERT INTO track (id, name, country_id) VALUES (25, 'Circuit de la Sarthe', 77);
INSERT INTO track (id, name, country_id) VALUES (26, 'Autodromo de Interlagos', 32);
INSERT INTO track (id, name, country_id) VALUES (27, 'Fuji International Speedway', 113);
INSERT INTO track (id, name, country_id) VALUES (28, 'Nurburgring', 84);
INSERT INTO track (id, name, country_id) VALUES (29, 'WeatherTech Raceway Laguna Seca', 237);

-- Table: track_layout
INSERT INTO track_layout (id, track_id, name, miles, circuit_id) VALUES (1, 1, 'Default', 0.56, 1);
INSERT INTO track_layout (id, track_id, name, miles, circuit_id) VALUES (2, 2, 'Seaside', 3.24, 1);
INSERT INTO track_layout (id, track_id, name, miles, circuit_id) VALUES (3, 2, 'Seaside II', 3.24, 1);
INSERT INTO track_layout (id, track_id, name, miles, circuit_id) VALUES (4, 2, 'Gardens', 2.7, 1);
INSERT INTO track_layout (id, track_id, name, miles, circuit_id) VALUES (5, 2, 'Gardens II', 2.7, 1);
INSERT INTO track_layout (id, track_id, name, miles, circuit_id) VALUES (6, 3, 'Lake', 1.86, 2);
INSERT INTO track_layout (id, track_id, name, miles, circuit_id) VALUES (7, 3, 'Lake II', 1.86, 2);
INSERT INTO track_layout (id, track_id, name, miles, circuit_id) VALUES (8, 4, 'GP', 3.61, 1);
INSERT INTO track_layout (id, track_id, name, miles, circuit_id) VALUES (9, 4, 'GP II', 3.61, 1);
INSERT INTO track_layout (id, track_id, name, miles, circuit_id) VALUES (10, 4, 'Center', 1.06, 1);
INSERT INTO track_layout (id, track_id, name, miles, circuit_id) VALUES (11, 4, 'East', 2.26, 1);
INSERT INTO track_layout (id, track_id, name, miles, circuit_id) VALUES (12, 4, 'West', 2.59, 1);
INSERT INTO track_layout (id, track_id, name, miles, circuit_id) VALUES (13, 4, 'Center II', 1.06, 1);
INSERT INTO track_layout (id, track_id, name, miles, circuit_id) VALUES (14, 4, 'East II', 2.26, 1);
INSERT INTO track_layout (id, track_id, name, miles, circuit_id) VALUES (15, 4, 'West II', 2.59, 1);
INSERT INTO track_layout (id, track_id, name, miles, circuit_id) VALUES (16, 5, 'Yamagiwa', 3.05, 1);
INSERT INTO track_layout (id, track_id, name, miles, circuit_id) VALUES (17, 5, 'Yamagiwa II', 3.05, 1);
INSERT INTO track_layout (id, track_id, name, miles, circuit_id) VALUES (18, 5, 'Miyabi', 1.21, 1);
INSERT INTO track_layout (id, track_id, name, miles, circuit_id) VALUES (19, 5, 'Yamagiwa+Miyabi', 4.25, 1);
INSERT INTO track_layout (id, track_id, name, miles, circuit_id) VALUES (20, 5, 'Yamagiwa+Miyabi II', 4.25, 1);
INSERT INTO track_layout (id, track_id, name, miles, circuit_id) VALUES (21, 6, 'Windmills', 2.06, 2);
INSERT INTO track_layout (id, track_id, name, miles, circuit_id) VALUES (22, 6, 'Windmills II', 2.06, 2);
INSERT INTO track_layout (id, track_id, name, miles, circuit_id) VALUES (23, 6, 'Road Track - A', 3.18, 1);
INSERT INTO track_layout (id, track_id, name, miles, circuit_id) VALUES (24, 6, 'Road Track - A II', 3.18, 1);
INSERT INTO track_layout (id, track_id, name, miles, circuit_id) VALUES (25, 6, 'Road Track - B', 2.42, 1);
INSERT INTO track_layout (id, track_id, name, miles, circuit_id) VALUES (26, 6, 'Road Track - B II', 2.42, 1);
INSERT INTO track_layout (id, track_id, name, miles, circuit_id) VALUES (27, 6, 'Road Track - C', 1.65, 1);
INSERT INTO track_layout (id, track_id, name, miles, circuit_id) VALUES (28, 6, 'Road Track -C II', 1.65, 1);
INSERT INTO track_layout (id, track_id, name, miles, circuit_id) VALUES (29, 7, 'Default', 1.99, 1);
INSERT INTO track_layout (id, track_id, name, miles, circuit_id) VALUES (30, 7, 'II', 1.99, 1);
INSERT INTO track_layout (id, track_id, name, miles, circuit_id) VALUES (31, 7, 'Infield A', 2.08, 1);
INSERT INTO track_layout (id, track_id, name, miles, circuit_id) VALUES (32, 7, 'Infield A II', 2.08, 1);
INSERT INTO track_layout (id, track_id, name, miles, circuit_id) VALUES (33, 7, 'Infield B', 1.78, 1);
INSERT INTO track_layout (id, track_id, name, miles, circuit_id) VALUES (34, 7, 'Infield B II', 1.78, 1);
INSERT INTO track_layout (id, track_id, name, miles, circuit_id) VALUES (35, 8, 'Default', 1.27, 3);
INSERT INTO track_layout (id, track_id, name, miles, circuit_id) VALUES (36, 9, 'Grand Prix Circuit', 2.45, 3);
INSERT INTO track_layout (id, track_id, name, miles, circuit_id) VALUES (37, 9, 'Indy Circuit', 1.21, 3);
INSERT INTO track_layout (id, track_id, name, miles, circuit_id) VALUES (38, 10, 'Central Outer Loop', 2.74, 4);
INSERT INTO track_layout (id, track_id, name, miles, circuit_id) VALUES (39, 10, 'Central Inner Loop', 2.72, 4);
INSERT INTO track_layout (id, track_id, name, miles, circuit_id) VALUES (40, 10, 'East Outer Loop', 4.54, 4);
INSERT INTO track_layout (id, track_id, name, miles, circuit_id) VALUES (41, 10, 'East Inner Loop', 4.47, 4);
INSERT INTO track_layout (id, track_id, name, miles, circuit_id) VALUES (42, 10, 'South Outer Loop', 3.23, 4);
INSERT INTO track_layout (id, track_id, name, miles, circuit_id) VALUES (43, 10, 'South Inner Loop', 4.08, 4);
INSERT INTO track_layout (id, track_id, name, miles, circuit_id) VALUES (44, 11, 'Big Willow', 2.46, 3);
INSERT INTO track_layout (id, track_id, name, miles, circuit_id) VALUES (45, 11, 'Streets of Willow Springs', 1.66, 3);
INSERT INTO track_layout (id, track_id, name, miles, circuit_id) VALUES (46, 11, 'Streets of Willow Springs II', 1.66, 3);
INSERT INTO track_layout (id, track_id, name, miles, circuit_id) VALUES (47, 11, 'Horse Thief Mile', 1.01, 3);
INSERT INTO track_layout (id, track_id, name, miles, circuit_id) VALUES (48, 11, 'Horse Thief Mill II', 1.01, 3);
INSERT INTO track_layout (id, track_id, name, miles, circuit_id) VALUES (49, 12, 'Default', 1.04, 1);
INSERT INTO track_layout (id, track_id, name, miles, circuit_id) VALUES (50, 12, 'II', 1.04, 1);
INSERT INTO track_layout (id, track_id, name, miles, circuit_id) VALUES (51, 13, 'Default', 3.61, 3);
INSERT INTO track_layout (id, track_id, name, miles, circuit_id) VALUES (52, 13, 'East Course', 1.39, 3);
INSERT INTO track_layout (id, track_id, name, miles, circuit_id) VALUES (53, 14, 'Default', 2.9, 3);
INSERT INTO track_layout (id, track_id, name, miles, circuit_id) VALUES (54, 14, 'Shortcut Course', 1.88, 3);
INSERT INTO track_layout (id, track_id, name, miles, circuit_id) VALUES (55, 15, 'Grand Prix Layout', 2.89, 3);
INSERT INTO track_layout (id, track_id, name, miles, circuit_id) VALUES (56, 16, 'A', 5.89, 1);
INSERT INTO track_layout (id, track_id, name, miles, circuit_id) VALUES (57, 16, 'A II', 5.89, 1);
INSERT INTO track_layout (id, track_id, name, miles, circuit_id) VALUES (58, 16, 'B', 4.39, 1);
INSERT INTO track_layout (id, track_id, name, miles, circuit_id) VALUES (59, 16, 'B II', 4.39, 1);
INSERT INTO track_layout (id, track_id, name, miles, circuit_id) VALUES (60, 16, 'C', 6.73, 1);
INSERT INTO track_layout (id, track_id, name, miles, circuit_id) VALUES (61, 16, 'C II', 6.73, 1);
INSERT INTO track_layout (id, track_id, name, miles, circuit_id) VALUES (62, 17, 'Default', 3.37, 1);
INSERT INTO track_layout (id, track_id, name, miles, circuit_id) VALUES (63, 17, 'II', 3.37, 1);
INSERT INTO track_layout (id, track_id, name, miles, circuit_id) VALUES (64, 18, 'Default', 3.6, 3);
INSERT INTO track_layout (id, track_id, name, miles, circuit_id) VALUES (65, 18, 'No Chicane', 3.58, 3);
INSERT INTO track_layout (id, track_id, name, miles, circuit_id) VALUES (66, 19, 'Default', 2.37, 3);
INSERT INTO track_layout (id, track_id, name, miles, circuit_id) VALUES (67, 20, 'Default', 3.86, 3);
INSERT INTO track_layout (id, track_id, name, miles, circuit_id) VALUES (68, 21, 'Default', 2.68, 3);
INSERT INTO track_layout (id, track_id, name, miles, circuit_id) VALUES (69, 21, 'Short Track', 1.45, 3);
INSERT INTO track_layout (id, track_id, name, miles, circuit_id) VALUES (70, 22, 'Default', 18.82, 1);
INSERT INTO track_layout (id, track_id, name, miles, circuit_id) VALUES (71, 23, 'Default', 4.28, 2);
INSERT INTO track_layout (id, track_id, name, miles, circuit_id) VALUES (72, 23, 'II', 4.28, 2);
INSERT INTO track_layout (id, track_id, name, miles, circuit_id) VALUES (73, 24, 'Default', 4.35, 3);
INSERT INTO track_layout (id, track_id, name, miles, circuit_id) VALUES (74, 25, 'Default', 8.47, 3);
INSERT INTO track_layout (id, track_id, name, miles, circuit_id) VALUES (75, 25, 'No Chicane', 8.43, 3);
INSERT INTO track_layout (id, track_id, name, miles, circuit_id) VALUES (76, 26, 'Default', 2.68, 3);
INSERT INTO track_layout (id, track_id, name, miles, circuit_id) VALUES (77, 27, 'Default', 2.84, 3);
INSERT INTO track_layout (id, track_id, name, miles, circuit_id) VALUES (78, 27, '(Short)', 2.81, 3);
INSERT INTO track_layout (id, track_id, name, miles, circuit_id) VALUES (79, 28, 'Nordschleife', 12.95, 3);
INSERT INTO track_layout (id, track_id, name, miles, circuit_id) VALUES (80, 28, '24h', 15.77, 3);
INSERT INTO track_layout (id, track_id, name, miles, circuit_id) VALUES (81, 28, 'GP', 3.2, 3);
INSERT INTO track_layout (id, track_id, name, miles, circuit_id) VALUES (82, 29, 'Default', 2.24, 3);

-- Table: race_collection
INSERT INTO race_collection (id, league_id, name, description, cat_id, prize1, prize2, prize3) VALUES (1, 2, 'Sunday Cup', 'The grassroots introduction to racing. No restrictions on car models.', 10, 5000, 3000, 2000);
INSERT INTO race_collection (id, league_id, name, description, cat_id, prize1, prize2, prize3) VALUES (2, 1, 'Clubman Cup', 'An event for beginners just getting the hang of racing. No restrctions on car models.', 11, 30000, 15000, 10000);
INSERT INTO race_collection (id, league_id, name, description, cat_id, prize1, prize2, prize3) VALUES (3, 2, 'FF Challenge', 'Master Front wheel drive sports cars with understeer.', 10, 6000, 3500, 2500);
INSERT INTO race_collection (id, league_id, name, description, cat_id, prize1, prize2, prize3) VALUES (4, 2, 'Clio cup', 'A one-make race in the Renault Clio for beginner racers.', 8, 7000, 4000, 3000);
INSERT INTO race_collection (id, league_id, name, description, cat_id, prize1, prize2, prize3) VALUES (5, 2, 'Mazda Roadsters Cup', 'A one-make series for Mazda Roadsters, providing an entry level race category.', 7, 10000, 6000, 4000);
INSERT INTO race_collection (id, league_id, name, description, cat_id, prize1, prize2, prize3) VALUES (6, 2, 'F-150 Raptor Survial', 'the final word in American pickup trucks. A Ford F-150 one-make event.', 10, 12000, 8000, 6000);
INSERT INTO race_collection (id, league_id, name, description, cat_id, prize1, prize2, prize3) VALUES (7, 2, 'Stars & Stripes', 'The race to find the fastest most menacing American sports carl Cany you handle the power?', 10, 13000, 9000, 7000);
INSERT INTO race_collection (id, league_id, name, description, cat_id, prize1, prize2, prize3) VALUES (8, 2, 'Nissan GT-R Cup', 'A one-make race for the GT-R, featuring Nissan''s iconic sparts car.', 10, 14000, 10000, 9000);
INSERT INTO race_collection (id, league_id, name, description, cat_id, prize1, prize2, prize3) VALUES (9, 2, 'Competition de France', 'Cute, sporty, a clash of the unique. An event for French Cars.', 9, 11000, 7000, 5000);
INSERT INTO race_collection (id, league_id, name, description, cat_id, prize1, prize2, prize3) VALUES (10, 2, 'Group 4 Cup', 'You''ll find plenty of power and excellent handling in these Group 4 races.', 4, 17000, 13000, 10000);
INSERT INTO race_collection (id, league_id, name, description, cat_id, prize1, prize2, prize3) VALUES (11, 2, 'Lightweight K Cup', 'This race consists of compact cars available only in Japan, powered by 660-cc engines.', 7, 9500, 6000, 4000);
INSERT INTO race_collection (id, league_id, name, description, cat_id, prize1, prize2, prize3) VALUES (12, 2, 'Beetle & Samba Bus Fest', 'Two uniquely-shaped vehicles with air-cooled flat-4 engines from the good ol''days, the Volkswagen "Beetle" and the Samba Bus, are featured in this event.', 7, 10500, 6500, 5000);
INSERT INTO race_collection (id, league_id, name, description, cat_id, prize1, prize2, prize3) VALUES (13, 2, 'The Passion of Dr. Wankel', 'A special event for cars powered by the rotary engine, which was invented by Felix Wankel of Germany.', 10, 10000, 6000, 4000);
INSERT INTO race_collection (id, league_id, name, description, cat_id, prize1, prize2, prize3) VALUES (14, 2, 'Mini Challenge', 'MINI fans unite! An event for the cute but quick MINI Cooper.', 7, 10000, 6000, 4000);
INSERT INTO race_collection (id, league_id, name, description, cat_id, prize1, prize2, prize3) VALUES (15, 2, 'Z Heritage', 'The "Z" only event for Nissan''s iconic front-engine rear-wheel-drive sports car, with its flowing body and high-powered engine.', 9, 12500, 8500, 6500);
INSERT INTO race_collection (id, league_id, name, description, cat_id, prize1, prize2, prize3) VALUES (16, 2, 'FR Challenge', 'A race series limited to front-engine/rear-wheel drive cars. Hone your countersteering technique.', 10, 8000, 4500, 3500);
INSERT INTO race_collection (id, league_id, name, description, cat_id, prize1, prize2, prize3) VALUES (17, 1, 'Tourist Trophy', 'A one-make race series for the Audi TT, crowned with its own name.', 9, 35000, 20000, 12000);
INSERT INTO race_collection (id, league_id, name, description, cat_id, prize1, prize2, prize3) VALUES (18, 1, '4WD Challenge', 'Races for four-wheel drives, with everything from 4-door sedans to supercars.', 10, 40000, 25000, 15000);
INSERT INTO race_collection (id, league_id, name, description, cat_id, prize1, prize2, prize3) VALUES (19, 1, 'FR Challenge +', 'The intermediate level series of the FR Challenge, limited to front-engine rear-wheel drives.', 12, 45000, 28000, 18000);
INSERT INTO race_collection (id, league_id, name, description, cat_id, prize1, prize2, prize3) VALUES (20, 1, 'Boxer Spirit', 'A race series for cars with horizontally-ooposed engines. Enjoy their low center of gravity and bask in their unique sounds.', 11, 50000, 30000, 20000);
INSERT INTO race_collection (id, league_id, name, description, cat_id, prize1, prize2, prize3) VALUES (21, 1, 'Mazda Roadsters Cup +', 'An intermediate level category for the one-make series with the Mazda Roadster.', 7, 55000, 33000, 22000);
INSERT INTO race_collection (id, league_id, name, description, cat_id, prize1, prize2, prize3) VALUES (22, 1, 'J-Sports Meeting', 'A diverse assortment of unique and high performance Japanese sports cars.', 9, 57000, 36000, 25000);
INSERT INTO race_collection (id, league_id, name, description, cat_id, prize1, prize2, prize3) VALUES (23, 1, 'Vision Gran Turismo Trophy', 'A competition of Vision Gran Turismo vehicles, which represent the pinnacle of technology and design.', 6, 60000, 38000, 28000);
INSERT INTO race_collection (id, league_id, name, description, cat_id, prize1, prize2, prize3) VALUES (24, 1, 'Red Bull X-Junior Series', 'Entry Level Red Bull X Series, X2014 Jr. One-Make Race.', 6, 65000, 40000, 33000);
INSERT INTO race_collection (id, league_id, name, description, cat_id, prize1, prize2, prize3) VALUES (25, 1, 'Gr. B Rallycross', 'By grip or drift'' your fate lies in total control of your machine. this race is for Group B rally cars.', 5, 62000, 38000, 30000);
INSERT INTO race_collection (id, league_id, name, description, cat_id, prize1, prize2, prize3) VALUES (26, 1, 'World Hatchback Championship', 'This race features hatchbacks, which are cars with rear doors that open upward.', 9, 48000, 32000, 20000);
INSERT INTO race_collection (id, league_id, name, description, cat_id, prize1, prize2, prize3) VALUES (27, 1, 'Nostalgic Car Festival', 'With beautiful designs and sensuous sounds, these classics represent cars from a bygone era.', 10, 53000, 35000, 23000);
INSERT INTO race_collection (id, league_id, name, description, cat_id, prize1, prize2, prize3) VALUES (28, 1, 'Group 3 Cup', 'Stay focused and take the checkered flag in this Grp 3 battle of the bravest pilots.', 3, 58000, 37000, 26000);
INSERT INTO race_collection (id, league_id, name, description, cat_id, prize1, prize2, prize3) VALUES (29, 1, 'Real Circuit Tours', 'A race series on real-world tracks, involving non-racecars with 394 HP or less.', 10, 55000, 33000, 22000);
INSERT INTO race_collection (id, league_id, name, description, cat_id, prize1, prize2, prize3) VALUES (30, 1, 'Supra Legend', 'This special race event for the Toyota Supra features a group of the company''s high-powered front-engine/rear-wheel sports car developed for racing.', 9, 50000, 31000, 21000);
INSERT INTO race_collection (id, league_id, name, description, cat_id, prize1, prize2, prize3) VALUES (31, 1, 'Super Formula Championships', 'This one-make race features the Dallara SF19 from the Supoer Formula series, among the most preeminent motorsports categories in Japan.', 6, 110000, 60000, 40000);
INSERT INTO race_collection (id, league_id, name, description, cat_id, prize1, prize2, prize3) VALUES (32, 4, 'Midship Challenge', 'A race series for true sportscars with mid-engine layouts.', 12, 80000, 40000, 25000);
INSERT INTO race_collection (id, league_id, name, description, cat_id, prize1, prize2, prize3) VALUES (33, 4, 'Premium Sports Lounge', 'A high class race for supercars, hypercars, and premium cars.', 16, 100000, 50000, 30000);
INSERT INTO race_collection (id, league_id, name, description, cat_id, prize1, prize2, prize3) VALUES (34, 4, 'La Festa Cavallino', 'A festival of the prancing horses; a race series just for Ferraris.', 12, 120000, 70000, 50000);
INSERT INTO race_collection (id, league_id, name, description, cat_id, prize1, prize2, prize3) VALUES (35, 4, 'F1500 Championship', 'This race is limited to an old-school formula car, the F1500T-A, with wide, slick tires and a high-power engine.', 6, 180000, 100000, 70000);
INSERT INTO race_collection (id, league_id, name, description, cat_id, prize1, prize2, prize3) VALUES (36, 4, 'All Japan GT Car Championships', 'This race for the Group 2 category features pure racecars that maintain the look and feel of production cars.', 2, 200000, 110000, 80000);
INSERT INTO race_collection (id, league_id, name, description, cat_id, prize1, prize2, prize3) VALUES (37, 4, 'Vision Gran Turismo Trophy +', 'It doesn''t get any better than this dream race between Vision Gran Turismo machines. Which one will reign supreme?', 6, 150000, 90000, 60000);
INSERT INTO race_collection (id, league_id, name, description, cat_id, prize1, prize2, prize3) VALUES (38, 4, 'Lamborghini Cup', 'This festival of raging bulls is a race exclusive to Lambo''s', 12, 110000, 65000, 45000);
INSERT INTO race_collection (id, league_id, name, description, cat_id, prize1, prize2, prize3) VALUES (39, 4, 'Mercedes AMG Grand Prix', 'A one-make race with the F1 W08 EQ Power+ that led Lewis Hamilton to the Formula One championship in 2017.', 6, 240000, 130000, 100000);
INSERT INTO race_collection (id, league_id, name, description, cat_id, prize1, prize2, prize3) VALUES (40, 4, 'Nostalgic 1979', 'This battle among famed cars from the racing past will rekindle the emotion and excitement of a bygone era.', 6, 160000, 97000, 65000);
INSERT INTO race_collection (id, league_id, name, description, cat_id, prize1, prize2, prize3) VALUES (41, 4, 'Group 1 Cup', 'This Group 1 Champion Match features cars with cutting-edge technology mired in a battle for supremacy.', 1, 220000, 120000, 90000);
INSERT INTO race_collection (id, league_id, name, description, cat_id, prize1, prize2, prize3) VALUES (42, 4, 'X2014 Nations Cup', 'Which nation and which driver is the fastest of them all? Experience the excitement of the Nations Cup Final in the GT League!', 6, 230000, 125000, 95000);
INSERT INTO race_collection (id, league_id, name, description, cat_id, prize1, prize2, prize3) VALUES (43, 3, 'Gr.1 Prototype Endurance Series', 'Offering the next dimension in terms of aerodynamics and performance, an endurance race series for prototypes.', 1, 400000, 200000, 100000);
INSERT INTO race_collection (id, league_id, name, description, cat_id, prize1, prize2, prize3) VALUES (44, 3, 'Porsche Cup', 'A traditional one-make race series for the Porsche 911 with a long history.', 11, 420000, 210000, 120000);
INSERT INTO race_collection (id, league_id, name, description, cat_id, prize1, prize2, prize3) VALUES (45, 3, 'Gr.3 Endurance Series', 'An endurance race with Group 3 cars racing models transformed from roadcars.', 3, 440000, 230000, 130000);
INSERT INTO race_collection (id, league_id, name, description, cat_id, prize1, prize2, prize3) VALUES (46, 3, 'X2019 Competition Endurance Series', 'This is an endurance race for the competition-tuned Red Bull X2019 Competition', 6, 500000, 300000, 260000);

-- Table: race
INSERT INTO race (id, name, tl_id, rc_id, racetime, weather_id, limits, type_id, notes) VALUES (1, 'Race 1', 1, 1, '10:30', 1, '6', 1, '');
INSERT INTO race (id, name, tl_id, rc_id, racetime, weather_id, limits, type_id, notes) VALUES (2, 'Race 2', 52, 1, '14:30', 1, '3', 1, '');
INSERT INTO race (id, name, tl_id, rc_id, racetime, weather_id, limits, type_id, notes) VALUES (3, 'Race 3', 2, 1, '10:00', 1, '2', 1, '');
INSERT INTO race (id, name, tl_id, rc_id, racetime, weather_id, limits, type_id, notes) VALUES (4, 'Race 4', 63, 1, '21:00', 1, '2', 1, '');
INSERT INTO race (id, name, tl_id, rc_id, racetime, weather_id, limits, type_id, notes) VALUES (5, 'Race 5', 81, 1, '17:00', 1, '2', 1, '');
INSERT INTO race (id, name, tl_id, rc_id, racetime, weather_id, limits, type_id, notes) VALUES (6, 'Race 6', 13, 1, '06:10', 1, '5', 1, '');
INSERT INTO race (id, name, tl_id, rc_id, racetime, weather_id, limits, type_id, notes) VALUES (7, 'Race 7', 31, 1, '10:30', 1, '3', 1, '');
INSERT INTO race (id, name, tl_id, rc_id, racetime, weather_id, limits, type_id, notes) VALUES (8, 'Race 8', 68, 1, '13:15', 1, '2', 1, '');
INSERT INTO race (id, name, tl_id, rc_id, racetime, weather_id, limits, type_id, notes) VALUES (9, 'Race 9', 64, 1, '12:00', 1, '2', 1, '');
INSERT INTO race (id, name, tl_id, rc_id, racetime, weather_id, limits, type_id, notes) VALUES (10, 'Race 1', 30, 3, '17:00', 1, '3', 1, '');
INSERT INTO race (id, name, tl_id, rc_id, racetime, weather_id, limits, type_id, notes) VALUES (11, 'Race 2', 16, 3, '05:00', 1, '3', 1, '');
INSERT INTO race (id, name, tl_id, rc_id, racetime, weather_id, limits, type_id, notes) VALUES (12, 'Race 3', 62, 3, '17:15', 1, '3', 1, '');
INSERT INTO race (id, name, tl_id, rc_id, racetime, weather_id, limits, type_id, notes) VALUES (13, 'Race 4', 10, 3, '11:30', 1, '6', 1, '');
INSERT INTO race (id, name, tl_id, rc_id, racetime, weather_id, limits, type_id, notes) VALUES (14, 'Race 5', 35, 3, '08:00', 1, '6', 1, '');
INSERT INTO race (id, name, tl_id, rc_id, racetime, weather_id, limits, type_id, notes) VALUES (15, 'Race 6', 54, 3, '17:00', 1, '5', 1, '');
INSERT INTO race (id, name, tl_id, rc_id, racetime, weather_id, limits, type_id, notes) VALUES (16, 'Race 7', 36, 3, '11:30', 1, '4', 1, '');
INSERT INTO race (id, name, tl_id, rc_id, racetime, weather_id, limits, type_id, notes) VALUES (17, 'Race 1', 50, 4, '15:10', 1, '6', 1, '');
INSERT INTO race (id, name, tl_id, rc_id, racetime, weather_id, limits, type_id, notes) VALUES (18, 'Race 2', 63, 4, '17:15', 1, '2', 1, '');
INSERT INTO race (id, name, tl_id, rc_id, racetime, weather_id, limits, type_id, notes) VALUES (19, 'Race 3', 9, 4, '11:30', 1, '2', 1, '');
INSERT INTO race (id, name, tl_id, rc_id, racetime, weather_id, limits, type_id, notes) VALUES (20, 'Race 4', 1, 4, '21:00', 1, '10', 1, '');
INSERT INTO race (id, name, tl_id, rc_id, racetime, weather_id, limits, type_id, notes) VALUES (21, 'Race 5', 18, 4, '11:30', 1, '5', 1, '');
INSERT INTO race (id, name, tl_id, rc_id, racetime, weather_id, limits, type_id, notes) VALUES (22, 'Race 1', 18, 16, '15:30', 1, '5', 1, '');
INSERT INTO race (id, name, tl_id, rc_id, racetime, weather_id, limits, type_id, notes) VALUES (23, 'Race 2', 3, 16, '10:00', 1, '2', 1, '');
INSERT INTO race (id, name, tl_id, rc_id, racetime, weather_id, limits, type_id, notes) VALUES (24, 'Race 3', 17, 16, '15:30', 1, '2', 1, '');
INSERT INTO race (id, name, tl_id, rc_id, racetime, weather_id, limits, type_id, notes) VALUES (25, 'Race 4', 32, 16, '17:00', 1, '4', 1, '');
INSERT INTO race (id, name, tl_id, rc_id, racetime, weather_id, limits, type_id, notes) VALUES (26, 'Race 5', 41, 16, '18:00', 1, '2', 1, '');
INSERT INTO race (id, name, tl_id, rc_id, racetime, weather_id, limits, type_id, notes) VALUES (27, 'Race 6', 25, 16, '06:20', 1, '3', 1, '');
INSERT INTO race (id, name, tl_id, rc_id, racetime, weather_id, limits, type_id, notes) VALUES (28, 'Race 1', 18, 5, '18:00', 1, '5', 1, '');
INSERT INTO race (id, name, tl_id, rc_id, racetime, weather_id, limits, type_id, notes) VALUES (29, 'Race 2', 45, 5, '17:00', 1, '3', 1, '');
INSERT INTO race (id, name, tl_id, rc_id, racetime, weather_id, limits, type_id, notes) VALUES (30, 'Race 3', 8, 5, '18:15', 1, '2', 1, '');
INSERT INTO race (id, name, tl_id, rc_id, racetime, weather_id, limits, type_id, notes) VALUES (31, 'Race 4', 35, 5, '08:00', 1, '4', 1, '');
INSERT INTO race (id, name, tl_id, rc_id, racetime, weather_id, limits, type_id, notes) VALUES (32, 'Race 5', 31, 5, '10:30', 1, '3', 1, '');
INSERT INTO race (id, name, tl_id, rc_id, racetime, weather_id, limits, type_id, notes) VALUES (33, 'Race 6', 42, 5, '18:00', 1, '2', 1, '');
INSERT INTO race (id, name, tl_id, rc_id, racetime, weather_id, limits, type_id, notes) VALUES (34, 'Race 7', 54, 5, '17:00', 1, '3', 1, '');
INSERT INTO race (id, name, tl_id, rc_id, racetime, weather_id, limits, type_id, notes) VALUES (35, 'Race 7', 82, 16, '12:00', 1, '3', 1, '');
INSERT INTO race (id, name, tl_id, rc_id, racetime, weather_id, limits, type_id, notes) VALUES (36, 'Race 1', 1, 6, '10:30', 1, '10', 1, '');
INSERT INTO race (id, name, tl_id, rc_id, racetime, weather_id, limits, type_id, notes) VALUES (37, 'Race 2', 62, 6, '17:15', 1, '3', 1, '');
INSERT INTO race (id, name, tl_id, rc_id, racetime, weather_id, limits, type_id, notes) VALUES (38, 'Race 3', 6, 6, '08:00', 1, '3', 1, '');
INSERT INTO race (id, name, tl_id, rc_id, racetime, weather_id, limits, type_id, notes) VALUES (39, 'Race 4', 71, 6, '07:10', 1, '1', 1, '');
INSERT INTO race (id, name, tl_id, rc_id, racetime, weather_id, limits, type_id, notes) VALUES (40, 'Race 5', 57, 6, '19:50', 1, '2', 1, '');
INSERT INTO race (id, name, tl_id, rc_id, racetime, weather_id, limits, type_id, notes) VALUES (41, 'Race 1', 33, 7, '06:30', 1, '3', 1, '');
INSERT INTO race (id, name, tl_id, rc_id, racetime, weather_id, limits, type_id, notes) VALUES (42, 'Race 2', 44, 7, '08:00', 1, '3', 1, '');
INSERT INTO race (id, name, tl_id, rc_id, racetime, weather_id, limits, type_id, notes) VALUES (43, 'Race 3', 76, 7, '09:15', 1, '3', 1, '');
INSERT INTO race (id, name, tl_id, rc_id, racetime, weather_id, limits, type_id, notes) VALUES (44, 'Race 4', 56, 7, '15:10', 1, '1', 1, '');
INSERT INTO race (id, name, tl_id, rc_id, racetime, weather_id, limits, type_id, notes) VALUES (45, 'Race 5', 5, 7, '16:30', 1, '3', 1, '');
INSERT INTO race (id, name, tl_id, rc_id, racetime, weather_id, limits, type_id, notes) VALUES (46, 'Race 6', 63, 7, '21:00', 1, '3', 1, '');
INSERT INTO race (id, name, tl_id, rc_id, racetime, weather_id, limits, type_id, notes) VALUES (47, 'Race 7', 11, 7, '06:10', 1, '3', 1, '');
INSERT INTO race (id, name, tl_id, rc_id, racetime, weather_id, limits, type_id, notes) VALUES (48, 'Race 8', 39, 7, '06:50', 3, '3', 1, '');
INSERT INTO race (id, name, tl_id, rc_id, racetime, weather_id, limits, type_id, notes) VALUES (49, 'Race 9', 45, 7, '17:00', 1, '3', 1, '');
INSERT INTO race (id, name, tl_id, rc_id, racetime, weather_id, limits, type_id, notes) VALUES (50, 'Race 1', 40, 8, '07:40', 1, '2', 1, '');
INSERT INTO race (id, name, tl_id, rc_id, racetime, weather_id, limits, type_id, notes) VALUES (51, 'Race 2', 33, 8, '06:30', 1, '5', 1, '');
INSERT INTO race (id, name, tl_id, rc_id, racetime, weather_id, limits, type_id, notes) VALUES (52, 'Race 3', 35, 8, '08:00', 1, '5', 1, '');
INSERT INTO race (id, name, tl_id, rc_id, racetime, weather_id, limits, type_id, notes) VALUES (53, 'Race 4', 42, 8, '18:00', 1, '3', 1, '');
INSERT INTO race (id, name, tl_id, rc_id, racetime, weather_id, limits, type_id, notes) VALUES (54, 'Race 5', 77, 8, '06:15', 1, '3', 1, '');
INSERT INTO race (id, name, tl_id, rc_id, racetime, weather_id, limits, type_id, notes) VALUES (55, 'Race 1', 34, 9, '10:30', 1, '6', 1, '');
INSERT INTO race (id, name, tl_id, rc_id, racetime, weather_id, limits, type_id, notes) VALUES (56, 'Race 2', 35, 9, '08:00', 1, '6', 1, '');
INSERT INTO race (id, name, tl_id, rc_id, racetime, weather_id, limits, type_id, notes) VALUES (57, 'Race 3', 62, 9, '17:15', 1, '3', 1, '');
INSERT INTO race (id, name, tl_id, rc_id, racetime, weather_id, limits, type_id, notes) VALUES (58, 'Race 4', 37, 9, '18:15', 1, '5', 1, '');
INSERT INTO race (id, name, tl_id, rc_id, racetime, weather_id, limits, type_id, notes) VALUES (59, 'Race 5', 11, 9, '18:15', 1, '3', 1, '');
INSERT INTO race (id, name, tl_id, rc_id, racetime, weather_id, limits, type_id, notes) VALUES (60, 'Race 1', 44, 10, '08:20', 1, '4', 1, '');
INSERT INTO race (id, name, tl_id, rc_id, racetime, weather_id, limits, type_id, notes) VALUES (61, 'Race 2', 35, 10, '14:00', 1, '6', 1, '');
INSERT INTO race (id, name, tl_id, rc_id, racetime, weather_id, limits, type_id, notes) VALUES (62, 'Race 3', 51, 10, '06:30', 1, '2', 1, '');
INSERT INTO race (id, name, tl_id, rc_id, racetime, weather_id, limits, type_id, notes) VALUES (63, 'Race 4', 77, 10, '17:15', 1, '3', 1, '');
INSERT INTO race (id, name, tl_id, rc_id, racetime, weather_id, limits, type_id, notes) VALUES (64, 'Race 5', 55, 10, '16:30', 1, '3', 1, '');
INSERT INTO race (id, name, tl_id, rc_id, racetime, weather_id, limits, type_id, notes) VALUES (65, 'Race 6', 73, 10, '16:45', 1, '2', 1, '');
INSERT INTO race (id, name, tl_id, rc_id, racetime, weather_id, limits, type_id, notes) VALUES (66, 'Race 7', 68, 10, '17:30', 3, '4', 1, '');
INSERT INTO race (id, name, tl_id, rc_id, racetime, weather_id, limits, type_id, notes) VALUES (67, 'Race 1', 10, 11, '11:30', 1, '5', 1, '');
INSERT INTO race (id, name, tl_id, rc_id, racetime, weather_id, limits, type_id, notes) VALUES (68, 'Race 2', 35, 11, '08:00', 1, '5', 1, '');
INSERT INTO race (id, name, tl_id, rc_id, racetime, weather_id, limits, type_id, notes) VALUES (69, 'Race 3', 38, 11, '12:45', 1, '3', 1, '');
INSERT INTO race (id, name, tl_id, rc_id, racetime, weather_id, limits, type_id, notes) VALUES (70, 'Race 4', 66, 11, '13:15', 1, '3', 1, '');
INSERT INTO race (id, name, tl_id, rc_id, racetime, weather_id, limits, type_id, notes) VALUES (71, 'Race 5', 27, 11, '13:10', 1, '4', 1, '');
INSERT INTO race (id, name, tl_id, rc_id, racetime, weather_id, limits, type_id, notes) VALUES (72, 'Race 1', 18, 12, '11:30', 1, '3', 1, '');
INSERT INTO race (id, name, tl_id, rc_id, racetime, weather_id, limits, type_id, notes) VALUES (73, 'Race 2', 31, 12, '10:30', 1, '3', 1, '');
INSERT INTO race (id, name, tl_id, rc_id, racetime, weather_id, limits, type_id, notes) VALUES (74, 'Race 3', 52, 12, '14:30', 1, '3', 1, '');
INSERT INTO race (id, name, tl_id, rc_id, racetime, weather_id, limits, type_id, notes) VALUES (75, 'Race 4', 69, 12, '10:45', 3, '3', 1, '');
INSERT INTO race (id, name, tl_id, rc_id, racetime, weather_id, limits, type_id, notes) VALUES (76, 'Race 5', 66, 12, '18:45', 1, '2', 1, '');
INSERT INTO race (id, name, tl_id, rc_id, racetime, weather_id, limits, type_id, notes) VALUES (77, 'Race 1', 38, 13, '09:35', 1, '3', 1, '');
INSERT INTO race (id, name, tl_id, rc_id, racetime, weather_id, limits, type_id, notes) VALUES (78, 'Race 2', 63, 13, '21:00', 1, '2', 1, '');
INSERT INTO race (id, name, tl_id, rc_id, racetime, weather_id, limits, type_id, notes) VALUES (79, 'Race 3', 77, 13, '06:15', 1, '3', 1, '');
INSERT INTO race (id, name, tl_id, rc_id, racetime, weather_id, limits, type_id, notes) VALUES (80, 'Race 4', 25, 13, '06:20', 1, '3', 1, '');
INSERT INTO race (id, name, tl_id, rc_id, racetime, weather_id, limits, type_id, notes) VALUES (81, 'Race 5', 53, 13, '16:00', 2, '2', 1, '');
INSERT INTO race (id, name, tl_id, rc_id, racetime, weather_id, limits, type_id, notes) VALUES (82, 'Race 1', 69, 14, '16:15', 1, '4', 1, '');
INSERT INTO race (id, name, tl_id, rc_id, racetime, weather_id, limits, type_id, notes) VALUES (83, 'Race 2', 37, 14, '11:30', 1, '5', 1, '');
INSERT INTO race (id, name, tl_id, rc_id, racetime, weather_id, limits, type_id, notes) VALUES (84, 'Race 3', 39, 14, '12:45', 1, '3', 1, '');
INSERT INTO race (id, name, tl_id, rc_id, racetime, weather_id, limits, type_id, notes) VALUES (85, 'Race 4', 49, 14, '07:20', 1, '7', 1, '');
INSERT INTO race (id, name, tl_id, rc_id, racetime, weather_id, limits, type_id, notes) VALUES (86, 'Race 5', 54, 14, '17:00', 1, '3', 1, '');
INSERT INTO race (id, name, tl_id, rc_id, racetime, weather_id, limits, type_id, notes) VALUES (87, 'Race 6', 66, 14, '05:15', 1, '3', 1, '');
INSERT INTO race (id, name, tl_id, rc_id, racetime, weather_id, limits, type_id, notes) VALUES (88, 'Race 7', 10, 14, '11:30', 1, '4', 1, '');
INSERT INTO race (id, name, tl_id, rc_id, racetime, weather_id, limits, type_id, notes) VALUES (89, 'Race 1', 43, 15, '12:45', 1, '3', 1, '');
INSERT INTO race (id, name, tl_id, rc_id, racetime, weather_id, limits, type_id, notes) VALUES (90, 'Race 2', 35, 15, '08:00', 1, '5', 1, '');
INSERT INTO race (id, name, tl_id, rc_id, racetime, weather_id, limits, type_id, notes) VALUES (91, 'Race 3', 31, 15, '13:00', 1, '4', 1, '');
INSERT INTO race (id, name, tl_id, rc_id, racetime, weather_id, limits, type_id, notes) VALUES (92, 'Race 4', 62, 15, '17:15', 1, '3', 1, '');
INSERT INTO race (id, name, tl_id, rc_id, racetime, weather_id, limits, type_id, notes) VALUES (93, 'Race 5', 82, 15, '12:00', 1, '4', 1, '');
INSERT INTO race (id, name, tl_id, rc_id, racetime, weather_id, limits, type_id, notes) VALUES (94, 'Race 1', 81, 2, '17:00', 1, '5', 1, '');
INSERT INTO race (id, name, tl_id, rc_id, racetime, weather_id, limits, type_id, notes) VALUES (95, 'Race 2', 19, 2, '10:00', 1, '3', 1, '');
INSERT INTO race (id, name, tl_id, rc_id, racetime, weather_id, limits, type_id, notes) VALUES (96, 'Race 3', 29, 2, '08:30', 1, '10', 1, '');
INSERT INTO race (id, name, tl_id, rc_id, racetime, weather_id, limits, type_id, notes) VALUES (97, 'Race 4', 76, 2, '09:15', 1, '5', 1, '');
INSERT INTO race (id, name, tl_id, rc_id, racetime, weather_id, limits, type_id, notes) VALUES (98, 'Race 5', 51, 2, '15:45', 1, '3', 1, '');
INSERT INTO race (id, name, tl_id, rc_id, racetime, weather_id, limits, type_id, notes) VALUES (99, 'Race 6', 12, 2, '21:00', 1, '5', 1, '');
INSERT INTO race (id, name, tl_id, rc_id, racetime, weather_id, limits, type_id, notes) VALUES (100, 'Race 7', 79, 2, '12:00', 1, '1', 1, '');
INSERT INTO race (id, name, tl_id, rc_id, racetime, weather_id, limits, type_id, notes) VALUES (101, 'Race 8', 73, 2, '16:45', 1, '3', 1, '');
INSERT INTO race (id, name, tl_id, rc_id, racetime, weather_id, limits, type_id, notes) VALUES (102, 'Race 9', 67, 2, '08:00', 1, '3', 1, '');
INSERT INTO race (id, name, tl_id, rc_id, racetime, weather_id, limits, type_id, notes) VALUES (103, 'Race 1', 1, 17, '21:00', 1, '15', 1, '');
INSERT INTO race (id, name, tl_id, rc_id, racetime, weather_id, limits, type_id, notes) VALUES (104, 'Race 2', 3, 17, '08:00', 1, '3', 1, '');
INSERT INTO race (id, name, tl_id, rc_id, racetime, weather_id, limits, type_id, notes) VALUES (105, 'Race 3', 79, 17, '20:30', 1, '1', 1, '');
INSERT INTO race (id, name, tl_id, rc_id, racetime, weather_id, limits, type_id, notes) VALUES (106, 'Race 4', 55, 17, '10:30', 1, '3', 1, '');
INSERT INTO race (id, name, tl_id, rc_id, racetime, weather_id, limits, type_id, notes) VALUES (107, 'Race 5', 58, 17, '07:10', 1, '2', 1, '');
INSERT INTO race (id, name, tl_id, rc_id, racetime, weather_id, limits, type_id, notes) VALUES (108, 'Race 1', 49, 18, '09:00', 1, '10', 1, '');
INSERT INTO race (id, name, tl_id, rc_id, racetime, weather_id, limits, type_id, notes) VALUES (109, 'Race 2', 40, 18, '14:55', 1, '4', 1, '');
INSERT INTO race (id, name, tl_id, rc_id, racetime, weather_id, limits, type_id, notes) VALUES (110, 'Race 3', 36, 18, '11:30', 1, '6', 1, '');
INSERT INTO race (id, name, tl_id, rc_id, racetime, weather_id, limits, type_id, notes) VALUES (111, 'Race 4', 58, 18, '07:10', 1, '4', 1, '');
INSERT INTO race (id, name, tl_id, rc_id, racetime, weather_id, limits, type_id, notes) VALUES (112, 'Race 5', 21, 18, '17:00', 1, '6', 1, '');
INSERT INTO race (id, name, tl_id, rc_id, racetime, weather_id, limits, type_id, notes) VALUES (113, 'Race 1', 16, 19, '15:30', 1, '5', 1, '');
INSERT INTO race (id, name, tl_id, rc_id, racetime, weather_id, limits, type_id, notes) VALUES (114, 'Race 2', 8, 19, '18:15', 1, '4', 1, '');
INSERT INTO race (id, name, tl_id, rc_id, racetime, weather_id, limits, type_id, notes) VALUES (115, 'Race 3', 2, 19, '10:00', 1, '5', 1, '');
INSERT INTO race (id, name, tl_id, rc_id, racetime, weather_id, limits, type_id, notes) VALUES (116, 'Race 4', 36, 19, '18:15', 1, '5', 1, '');
INSERT INTO race (id, name, tl_id, rc_id, racetime, weather_id, limits, type_id, notes) VALUES (117, 'Race 5', 76, 19, '13:45', 1, '5', 1, '');
INSERT INTO race (id, name, tl_id, rc_id, racetime, weather_id, limits, type_id, notes) VALUES (118, 'Race 1', 62, 20, '17:15', 1, '4', 1, '');
INSERT INTO race (id, name, tl_id, rc_id, racetime, weather_id, limits, type_id, notes) VALUES (119, 'Race 2', 9, 20, '11:30', 1, '4', 1, '');
INSERT INTO race (id, name, tl_id, rc_id, racetime, weather_id, limits, type_id, notes) VALUES (120, 'Race 3', 81, 20, '17:00', 1, '4', 1, '');
INSERT INTO race (id, name, tl_id, rc_id, racetime, weather_id, limits, type_id, notes) VALUES (121, 'Race 4', 44, 20, '08:20', 1, '4', 1, '');
INSERT INTO race (id, name, tl_id, rc_id, racetime, weather_id, limits, type_id, notes) VALUES (122, 'Race 5', 35, 20, '14:00', 1, '8', 1, '');
INSERT INTO race (id, name, tl_id, rc_id, racetime, weather_id, limits, type_id, notes) VALUES (123, 'Race 6', 73, 20, '11:00', 3, '2', 1, '');
INSERT INTO race (id, name, tl_id, rc_id, racetime, weather_id, limits, type_id, notes) VALUES (124, 'Race 7', 55, 20, '09:00', 2, '3', 1, '');
INSERT INTO race (id, name, tl_id, rc_id, racetime, weather_id, limits, type_id, notes) VALUES (125, 'Race 1', 18, 21, '19:00', 1, '10', 1, '');
INSERT INTO race (id, name, tl_id, rc_id, racetime, weather_id, limits, type_id, notes) VALUES (126, 'Race 2', 45, 21, '17:00', 1, '6', 1, '');
INSERT INTO race (id, name, tl_id, rc_id, racetime, weather_id, limits, type_id, notes) VALUES (127, 'Race 3', 8, 21, '06:10', 1, '5', 1, '');
INSERT INTO race (id, name, tl_id, rc_id, racetime, weather_id, limits, type_id, notes) VALUES (128, 'Race 4', 35, 21, '08:00', 1, '8', 1, '');
INSERT INTO race (id, name, tl_id, rc_id, racetime, weather_id, limits, type_id, notes) VALUES (129, 'Race 5', 31, 21, '10:30', 1, '6', 1, '');
INSERT INTO race (id, name, tl_id, rc_id, racetime, weather_id, limits, type_id, notes) VALUES (130, 'Race 6', 42, 21, '18:00', 1, '4', 1, '');
INSERT INTO race (id, name, tl_id, rc_id, racetime, weather_id, limits, type_id, notes) VALUES (131, 'Race 7', 54, 21, '17:00', 1, '5', 1, '');
INSERT INTO race (id, name, tl_id, rc_id, racetime, weather_id, limits, type_id, notes) VALUES (132, 'Race 1', 12, 22, '18:15', 1, '5', 1, '');
INSERT INTO race (id, name, tl_id, rc_id, racetime, weather_id, limits, type_id, notes) VALUES (133, 'Race 2', 51, 22, '14:30', 1, '5', 1, '');
INSERT INTO race (id, name, tl_id, rc_id, racetime, weather_id, limits, type_id, notes) VALUES (134, 'Race 3', 38, 22, '06:50', 1, '5', 1, '');
INSERT INTO race (id, name, tl_id, rc_id, racetime, weather_id, limits, type_id, notes) VALUES (135, 'Race 4', 35, 22, '08:00', 1, '8', 1, '');
INSERT INTO race (id, name, tl_id, rc_id, racetime, weather_id, limits, type_id, notes) VALUES (136, 'Race 5', 5, 22, '10:00', 1, '5', 1, '');
INSERT INTO race (id, name, tl_id, rc_id, racetime, weather_id, limits, type_id, notes) VALUES (137, 'Race 6', 77, 22, '06:15', 1, '5', 1, '');
INSERT INTO race (id, name, tl_id, rc_id, racetime, weather_id, limits, type_id, notes) VALUES (138, 'Race 7', 16, 22, '10:00', 1, '5', 1, '');
INSERT INTO race (id, name, tl_id, rc_id, racetime, weather_id, limits, type_id, notes) VALUES (139, 'Race 8', 53, 22, '16:00', 1, '5', 1, '');
INSERT INTO race (id, name, tl_id, rc_id, racetime, weather_id, limits, type_id, notes) VALUES (140, 'Race 9', 68, 22, '17:30', 3, '6', 1, '');
INSERT INTO race (id, name, tl_id, rc_id, racetime, weather_id, limits, type_id, notes) VALUES (141, 'Race 1', 64, 23, '12:00', 1, '8', 1, '');
INSERT INTO race (id, name, tl_id, rc_id, racetime, weather_id, limits, type_id, notes) VALUES (142, 'Race 2', 19, 23, '09:30', 2, '7', 1, '');
INSERT INTO race (id, name, tl_id, rc_id, racetime, weather_id, limits, type_id, notes) VALUES (143, 'Race 3', 63, 23, '21:00', 1, '7', 1, '');
INSERT INTO race (id, name, tl_id, rc_id, racetime, weather_id, limits, type_id, notes) VALUES (144, 'Race 4', 42, 23, '07:40', 1, '7', 1, '');
INSERT INTO race (id, name, tl_id, rc_id, racetime, weather_id, limits, type_id, notes) VALUES (145, 'Race 5', 70, 23, '20:00', 1, '2', 1, '');
INSERT INTO race (id, name, tl_id, rc_id, racetime, weather_id, limits, type_id, notes) VALUES (146, 'Race 1', 81, 24, '17:00', 1, '5', 1, '');
INSERT INTO race (id, name, tl_id, rc_id, racetime, weather_id, limits, type_id, notes) VALUES (147, 'Race 2', 12, 24, '05:00', 1, '6', 1, '');
INSERT INTO race (id, name, tl_id, rc_id, racetime, weather_id, limits, type_id, notes) VALUES (148, 'Race 3', 35, 24, '08:00', 1, '8', 1, '');
INSERT INTO race (id, name, tl_id, rc_id, racetime, weather_id, limits, type_id, notes) VALUES (149, 'Race 4', 68, 24, '13:15', 1, '6', 1, '');
INSERT INTO race (id, name, tl_id, rc_id, racetime, weather_id, limits, type_id, notes) VALUES (150, 'Race 5', 17, 24, '15:30', 1, '5', 1, '');
INSERT INTO race (id, name, tl_id, rc_id, racetime, weather_id, limits, type_id, notes) VALUES (151, 'Race 1', 22, 25, '13:15', 1, '7', 1, '');
INSERT INTO race (id, name, tl_id, rc_id, racetime, weather_id, limits, type_id, notes) VALUES (152, 'Race 2', 44, 25, '17:30', 1, '7', 1, '');
INSERT INTO race (id, name, tl_id, rc_id, racetime, weather_id, limits, type_id, notes) VALUES (153, 'Race 3', 39, 25, '12:45', 1, '7', 1, '');
INSERT INTO race (id, name, tl_id, rc_id, racetime, weather_id, limits, type_id, notes) VALUES (154, 'Race 4', 25, 25, '13:10', 1, '6', 1, '');
INSERT INTO race (id, name, tl_id, rc_id, racetime, weather_id, limits, type_id, notes) VALUES (155, 'Race 5', 6, 25, '13:10', 1, '7', 1, '');
INSERT INTO race (id, name, tl_id, rc_id, racetime, weather_id, limits, type_id, notes) VALUES (156, 'Race 1', 37, 26, '09:30', 2, '8', 1, '');
INSERT INTO race (id, name, tl_id, rc_id, racetime, weather_id, limits, type_id, notes) VALUES (157, 'Race 2', 67, 26, '08:00', 1, '3', 1, '');
INSERT INTO race (id, name, tl_id, rc_id, racetime, weather_id, limits, type_id, notes) VALUES (158, 'Race 3', 38, 26, '16:35', 1, '4', 1, '');
INSERT INTO race (id, name, tl_id, rc_id, racetime, weather_id, limits, type_id, notes) VALUES (159, 'Race 4', 26, 26, '07:00', 1, '6', 1, '');
INSERT INTO race (id, name, tl_id, rc_id, racetime, weather_id, limits, type_id, notes) VALUES (160, 'Race 5', 79, 26, '12:00', 1, '1', 1, '');
INSERT INTO race (id, name, tl_id, rc_id, racetime, weather_id, limits, type_id, notes) VALUES (161, 'Race 1', 41, 27, '18:00', 1, '3', 1, '');
INSERT INTO race (id, name, tl_id, rc_id, racetime, weather_id, limits, type_id, notes) VALUES (162, 'Race 2', 59, 27, '20:30', 1, '3', 1, '');
INSERT INTO race (id, name, tl_id, rc_id, racetime, weather_id, limits, type_id, notes) VALUES (163, 'Race 3', 62, 27, '17:15', 1, '4', 1, '');
INSERT INTO race (id, name, tl_id, rc_id, racetime, weather_id, limits, type_id, notes) VALUES (164, 'Race 4', 35, 27, '08:00', 1, '8', 1, '');
INSERT INTO race (id, name, tl_id, rc_id, racetime, weather_id, limits, type_id, notes) VALUES (165, 'Race 5', 37, 27, '09:30', 2, '7', 1, '');
INSERT INTO race (id, name, tl_id, rc_id, racetime, weather_id, limits, type_id, notes) VALUES (166, 'Race 6', 66, 27, '18:45', 1, '5', 1, '');
INSERT INTO race (id, name, tl_id, rc_id, racetime, weather_id, limits, type_id, notes) VALUES (167, 'Race 7', 10, 27, '20:00', 1, '9', 1, '');
INSERT INTO race (id, name, tl_id, rc_id, racetime, weather_id, limits, type_id, notes) VALUES (168, 'Race 1', 68, 28, '10:45', 2, '6', 1, '');
INSERT INTO race (id, name, tl_id, rc_id, racetime, weather_id, limits, type_id, notes) VALUES (169, 'Race 2', 58, 28, '07:10', 1, '4', 1, '');
INSERT INTO race (id, name, tl_id, rc_id, racetime, weather_id, limits, type_id, notes) VALUES (170, 'Race 3', 79, 28, '15:00', 2, '2', 1, '');
INSERT INTO race (id, name, tl_id, rc_id, racetime, weather_id, limits, type_id, notes) VALUES (171, 'Race 4', 41, 28, '18:00', 3, '5', 1, '');
INSERT INTO race (id, name, tl_id, rc_id, racetime, weather_id, limits, type_id, notes) VALUES (172, 'Race 5', 51, 28, '06:30', 1, '5', 1, '');
INSERT INTO race (id, name, tl_id, rc_id, racetime, weather_id, limits, type_id, notes) VALUES (173, 'Race 6', 36, 28, '11:30', 1, '6', 1, '');
INSERT INTO race (id, name, tl_id, rc_id, racetime, weather_id, limits, type_id, notes) VALUES (174, 'Race 7', 73, 28, '08:15', 1, '4', 1, '');
INSERT INTO race (id, name, tl_id, rc_id, racetime, weather_id, limits, type_id, notes) VALUES (175, 'Race 1', 44, 29, '08:00', 1, '5', 1, '');
INSERT INTO race (id, name, tl_id, rc_id, racetime, weather_id, limits, type_id, notes) VALUES (176, 'Race 2', 68, 29, '13:15', 1, '5', 1, '');
INSERT INTO race (id, name, tl_id, rc_id, racetime, weather_id, limits, type_id, notes) VALUES (177, 'Race 3', 77, 29, '18:15', 1, '5', 1, '');
INSERT INTO race (id, name, tl_id, rc_id, racetime, weather_id, limits, type_id, notes) VALUES (178, 'Race 4', 55, 29, '10:30', 1, '5', 1, '');
INSERT INTO race (id, name, tl_id, rc_id, racetime, weather_id, limits, type_id, notes) VALUES (179, 'Race 5', 76, 29, '09:15', 1, '6', 1, '');
INSERT INTO race (id, name, tl_id, rc_id, racetime, weather_id, limits, type_id, notes) VALUES (180, 'Race 6', 73, 29, '16:45', 1, '5', 1, '');
INSERT INTO race (id, name, tl_id, rc_id, racetime, weather_id, limits, type_id, notes) VALUES (181, 'Race 7', 64, 29, '12:00', 1, '5', 1, '');
INSERT INTO race (id, name, tl_id, rc_id, racetime, weather_id, limits, type_id, notes) VALUES (182, 'Race 1', 44, 30, '08:00', 1, '6', 1, '');
INSERT INTO race (id, name, tl_id, rc_id, racetime, weather_id, limits, type_id, notes) VALUES (183, 'Race 2', 81, 30, '17:00', 1, '5', 1, '');
INSERT INTO race (id, name, tl_id, rc_id, racetime, weather_id, limits, type_id, notes) VALUES (184, 'Race 3', 53, 30, '16:00', 2, '5', 1, '');
INSERT INTO race (id, name, tl_id, rc_id, racetime, weather_id, limits, type_id, notes) VALUES (185, 'Race 4', 68, 30, '13:15', 1, '5', 1, '');
INSERT INTO race (id, name, tl_id, rc_id, racetime, weather_id, limits, type_id, notes) VALUES (186, 'Race 5', 17, 30, '19:00', 1, '5', 1, '');
INSERT INTO race (id, name, tl_id, rc_id, racetime, weather_id, limits, type_id, notes) VALUES (187, 'Race 1', 51, 31, '15:45', 1, '5', 1, '');
INSERT INTO race (id, name, tl_id, rc_id, racetime, weather_id, limits, type_id, notes) VALUES (188, 'Race 2', 42, 31, '12:45', 1, '6', 1, '');
INSERT INTO race (id, name, tl_id, rc_id, racetime, weather_id, limits, type_id, notes) VALUES (189, 'Race 3', 77, 31, '06:15', 1, '5', 1, '');
INSERT INTO race (id, name, tl_id, rc_id, racetime, weather_id, limits, type_id, notes) VALUES (190, 'Race 4', 3, 31, '08:00', 1, '5', 1, '');
INSERT INTO race (id, name, tl_id, rc_id, racetime, weather_id, limits, type_id, notes) VALUES (191, 'Race 5', 53, 31, '16:00', 2, '5', 1, '');
INSERT INTO race (id, name, tl_id, rc_id, racetime, weather_id, limits, type_id, notes) VALUES (192, 'Race 6', 73, 31, '11:00', 3, '4', 1, '');
INSERT INTO race (id, name, tl_id, rc_id, racetime, weather_id, limits, type_id, notes) VALUES (193, 'Race 7', 82, 31, '12:00', 1, '7', 1, '');
INSERT INTO race (id, name, tl_id, rc_id, racetime, weather_id, limits, type_id, notes) VALUES (194, 'Race 1', 44, 32, '08:00', 1, '8', 1, '');
INSERT INTO race (id, name, tl_id, rc_id, racetime, weather_id, limits, type_id, notes) VALUES (195, 'Race 2', 63, 32, '21:00', 1, '8', 1, '');
INSERT INTO race (id, name, tl_id, rc_id, racetime, weather_id, limits, type_id, notes) VALUES (196, 'Race 3', 76, 32, '16:45', 2, '8', 1, '');
INSERT INTO race (id, name, tl_id, rc_id, racetime, weather_id, limits, type_id, notes) VALUES (197, 'Race 4', 16, 32, '05:00', 1, '6', 1, '');
INSERT INTO race (id, name, tl_id, rc_id, racetime, weather_id, limits, type_id, notes) VALUES (198, 'Race 5', 51, 32, '14:30', 1, '6', 1, '');
INSERT INTO race (id, name, tl_id, rc_id, racetime, weather_id, limits, type_id, notes) VALUES (199, 'Race 6', 82, 32, '12:00', 1, '7', 1, '');
INSERT INTO race (id, name, tl_id, rc_id, racetime, weather_id, limits, type_id, notes) VALUES (200, 'Race 7', 5, 32, '16:30', 1, '7', 1, '');
INSERT INTO race (id, name, tl_id, rc_id, racetime, weather_id, limits, type_id, notes) VALUES (201, 'Race 1', 29, 33, '08:30', 1, '15', 1, '');
INSERT INTO race (id, name, tl_id, rc_id, racetime, weather_id, limits, type_id, notes) VALUES (202, 'Race 2', 8, 33, '18:15', 1, '10', 1, '');
INSERT INTO race (id, name, tl_id, rc_id, racetime, weather_id, limits, type_id, notes) VALUES (203, 'Race 3', 41, 33, '18:00', 1, '8', 1, '');
INSERT INTO race (id, name, tl_id, rc_id, racetime, weather_id, limits, type_id, notes) VALUES (204, 'Race 4', 2, 33, '17:00', 1, '10', 1, '');
INSERT INTO race (id, name, tl_id, rc_id, racetime, weather_id, limits, type_id, notes) VALUES (205, 'Race 5', 64, 33, '12:00', 1, '10', 1, '');
INSERT INTO race (id, name, tl_id, rc_id, racetime, weather_id, limits, type_id, notes) VALUES (206, 'Race 6', 78, 33, '06:15', 1, '12', 1, '');
INSERT INTO race (id, name, tl_id, rc_id, racetime, weather_id, limits, type_id, notes) VALUES (207, 'Race 7', 61, 33, '13:20', 1, '5', 1, '');
INSERT INTO race (id, name, tl_id, rc_id, racetime, weather_id, limits, type_id, notes) VALUES (208, 'Race 1', 11, 34, '06:10', 1, '8', 1, '');
INSERT INTO race (id, name, tl_id, rc_id, racetime, weather_id, limits, type_id, notes) VALUES (209, 'Race 2', 81, 34, '15:00', 2, '6', 1, '');
INSERT INTO race (id, name, tl_id, rc_id, racetime, weather_id, limits, type_id, notes) VALUES (210, 'Race 3', 64, 34, '17:00', 1, '6', 1, '');
INSERT INTO race (id, name, tl_id, rc_id, racetime, weather_id, limits, type_id, notes) VALUES (211, 'Race 4', 5, 34, '16:30', 1, '6', 1, '');
INSERT INTO race (id, name, tl_id, rc_id, racetime, weather_id, limits, type_id, notes) VALUES (212, 'Race 5', 36, 34, '18:15', 1, '6', 1, '');
INSERT INTO race (id, name, tl_id, rc_id, racetime, weather_id, limits, type_id, notes) VALUES (213, 'Race 6', 77, 34, '12:00', 1, '6', 1, '');
INSERT INTO race (id, name, tl_id, rc_id, racetime, weather_id, limits, type_id, notes) VALUES (214, 'Race 7', 44, 34, '19:00', 1, '7', 1, '');
INSERT INTO race (id, name, tl_id, rc_id, racetime, weather_id, limits, type_id, notes) VALUES (215, 'Race 8', 23, 34, '07:00', 1, '6', 1, '');
INSERT INTO race (id, name, tl_id, rc_id, racetime, weather_id, limits, type_id, notes) VALUES (216, 'Race 9', 40, 34, '18:00', 3, '5', 1, '');
INSERT INTO race (id, name, tl_id, rc_id, racetime, weather_id, limits, type_id, notes) VALUES (217, 'Race 1', 36, 35, '11:30', 1, '10', 1, '');
INSERT INTO race (id, name, tl_id, rc_id, racetime, weather_id, limits, type_id, notes) VALUES (218, 'Race 2', 76, 35, '13:45', 1, '10', 1, '');
INSERT INTO race (id, name, tl_id, rc_id, racetime, weather_id, limits, type_id, notes) VALUES (219, 'Race 3', 51, 35, '14:30', 1, '10', 1, '');
INSERT INTO race (id, name, tl_id, rc_id, racetime, weather_id, limits, type_id, notes) VALUES (220, 'Race 4', 64, 35, '12:00', 1, '10', 1, '');
INSERT INTO race (id, name, tl_id, rc_id, racetime, weather_id, limits, type_id, notes) VALUES (221, 'Race 5', 81, 35, '17:00', 1, '8', 1, '');
INSERT INTO race (id, name, tl_id, rc_id, racetime, weather_id, limits, type_id, notes) VALUES (222, 'Race 6', 58, 35, '15:10', 1, '5', 1, '');
INSERT INTO race (id, name, tl_id, rc_id, racetime, weather_id, limits, type_id, notes) VALUES (223, 'Race 7', 68, 35, '05:30', 1, '8', 1, '');
INSERT INTO race (id, name, tl_id, rc_id, racetime, weather_id, limits, type_id, notes) VALUES (224, 'Race 1', 19, 36, '15:30', 1, '10', 1, '');
INSERT INTO race (id, name, tl_id, rc_id, racetime, weather_id, limits, type_id, notes) VALUES (225, 'Race 2', 8, 36, '11:30', 1, '10', 1, '');
INSERT INTO race (id, name, tl_id, rc_id, racetime, weather_id, limits, type_id, notes) VALUES (226, 'Race 3', 51, 36, '15:45', 1, '10', 1, '');
INSERT INTO race (id, name, tl_id, rc_id, racetime, weather_id, limits, type_id, notes) VALUES (227, 'Race 4', 77, 36, '06:15', 1, '12', 1, '');
INSERT INTO race (id, name, tl_id, rc_id, racetime, weather_id, limits, type_id, notes) VALUES (228, 'Race 5', 55, 36, '10:30', 1, '10', 1, '');
INSERT INTO race (id, name, tl_id, rc_id, racetime, weather_id, limits, type_id, notes) VALUES (229, 'Race 6', 2, 36, '16:30', 1, '10', 1, '');
INSERT INTO race (id, name, tl_id, rc_id, racetime, weather_id, limits, type_id, notes) VALUES (230, 'Race 7', 53, 36, '16:00', 2, '10', 1, '');
INSERT INTO race (id, name, tl_id, rc_id, racetime, weather_id, limits, type_id, notes) VALUES (231, 'Race 8', 68, 36, '10:45', 3, '10', 1, '');
INSERT INTO race (id, name, tl_id, rc_id, racetime, weather_id, limits, type_id, notes) VALUES (232, 'Race 9', 25, 36, '06:20', 1, '10', 1, '');
INSERT INTO race (id, name, tl_id, rc_id, racetime, weather_id, limits, type_id, notes) VALUES (233, 'Race 1', 4, 37, '10:00', 1, '10', 1, '');
INSERT INTO race (id, name, tl_id, rc_id, racetime, weather_id, limits, type_id, notes) VALUES (234, 'Race 2', 76, 37, '09:30', 1, '10', 1, '');
INSERT INTO race (id, name, tl_id, rc_id, racetime, weather_id, limits, type_id, notes) VALUES (235, 'Race 3', 80, 37, '08:00', 1, '2', 1, '');
INSERT INTO race (id, name, tl_id, rc_id, racetime, weather_id, limits, type_id, notes) VALUES (236, 'Race 4', 74, 37, '07:00', 1, '6', 1, '');
INSERT INTO race (id, name, tl_id, rc_id, racetime, weather_id, limits, type_id, notes) VALUES (237, 'Race 5', 20, 37, '10:00', 1, '8', 1, '');
INSERT INTO race (id, name, tl_id, rc_id, racetime, weather_id, limits, type_id, notes) VALUES (238, 'Race 6', 23, 37, '07:00', 1, '7', 1, '');
INSERT INTO race (id, name, tl_id, rc_id, racetime, weather_id, limits, type_id, notes) VALUES (239, 'Race 7', 41, 37, '18:00', 3, '6', 1, '');
INSERT INTO race (id, name, tl_id, rc_id, racetime, weather_id, limits, type_id, notes) VALUES (240, 'Race 1', 12, 38, '06:10', 1, '6', 1, '');
INSERT INTO race (id, name, tl_id, rc_id, racetime, weather_id, limits, type_id, notes) VALUES (241, 'Race 2', 5, 38, '13:00', 2, '6', 1, '');
INSERT INTO race (id, name, tl_id, rc_id, racetime, weather_id, limits, type_id, notes) VALUES (242, 'Race 3', 44, 38, '08:00', 1, '6', 1, '');
INSERT INTO race (id, name, tl_id, rc_id, racetime, weather_id, limits, type_id, notes) VALUES (243, 'Race 4', 68, 38, '13:15', 1, '6', 1, '');
INSERT INTO race (id, name, tl_id, rc_id, racetime, weather_id, limits, type_id, notes) VALUES (244, 'Race 5', 58, 38, '07:10', 1, '3', 1, '');
INSERT INTO race (id, name, tl_id, rc_id, racetime, weather_id, limits, type_id, notes) VALUES (245, 'Race 6', 55, 38, '10:30', 1, '6', 1, '');
INSERT INTO race (id, name, tl_id, rc_id, racetime, weather_id, limits, type_id, notes) VALUES (246, 'Race 7', 43, 38, '14:55', 1, '6', 1, '');
INSERT INTO race (id, name, tl_id, rc_id, racetime, weather_id, limits, type_id, notes) VALUES (247, 'Race 8', 74, 38, '15:00', 1, '2', 1, '');
INSERT INTO race (id, name, tl_id, rc_id, racetime, weather_id, limits, type_id, notes) VALUES (248, 'Race 9', 79, 38, '12:00', 1, '1', 1, '');
INSERT INTO race (id, name, tl_id, rc_id, racetime, weather_id, limits, type_id, notes) VALUES (249, 'Race 1', 56, 39, '13:20', 1, '8', 1, '');
INSERT INTO race (id, name, tl_id, rc_id, racetime, weather_id, limits, type_id, notes) VALUES (250, 'Race 2', 81, 39, '15:00', 2, '10', 1, '');
INSERT INTO race (id, name, tl_id, rc_id, racetime, weather_id, limits, type_id, notes) VALUES (251, 'Race 3', 51, 39, '14:30', 1, '10', 1, '');
INSERT INTO race (id, name, tl_id, rc_id, racetime, weather_id, limits, type_id, notes) VALUES (252, 'Race 4', 77, 39, '06:15', 1, '10', 1, '');
INSERT INTO race (id, name, tl_id, rc_id, racetime, weather_id, limits, type_id, notes) VALUES (253, 'Race 5', 68, 39, '10:45', 2, '12', 1, '');
INSERT INTO race (id, name, tl_id, rc_id, racetime, weather_id, limits, type_id, notes) VALUES (254, 'Race 6', 55, 39, '10:30', 1, '10', 1, '');
INSERT INTO race (id, name, tl_id, rc_id, racetime, weather_id, limits, type_id, notes) VALUES (255, 'Race 7', 43, 39, '14:55', 1, '10', 1, '');
INSERT INTO race (id, name, tl_id, rc_id, racetime, weather_id, limits, type_id, notes) VALUES (256, 'Race 1', 65, 40, '19:30', 1, '5', 1, '');
INSERT INTO race (id, name, tl_id, rc_id, racetime, weather_id, limits, type_id, notes) VALUES (257, 'Race 2', 75, 40, '06:30', 1, '2', 1, '');
INSERT INTO race (id, name, tl_id, rc_id, racetime, weather_id, limits, type_id, notes) VALUES (258, 'Race 3', 58, 40, '07:10', 1, '5', 1, '');
INSERT INTO race (id, name, tl_id, rc_id, racetime, weather_id, limits, type_id, notes) VALUES (259, 'Race 4', 66, 40, '18:45', 1, '7', 1, '');
INSERT INTO race (id, name, tl_id, rc_id, racetime, weather_id, limits, type_id, notes) VALUES (260, 'Race 5', 24, 40, '19:20', 1, '6', 1, '');
INSERT INTO race (id, name, tl_id, rc_id, racetime, weather_id, limits, type_id, notes) VALUES (261, 'Race 6', 36, 40, '18:15', 1, '6', 1, '');
INSERT INTO race (id, name, tl_id, rc_id, racetime, weather_id, limits, type_id, notes) VALUES (262, 'Race 7', 73, 40, '16:45', 1, '5', 1, '');
INSERT INTO race (id, name, tl_id, rc_id, racetime, weather_id, limits, type_id, notes) VALUES (263, 'Race 8', 82, 40, '12:00', 1, '6', 1, '');
INSERT INTO race (id, name, tl_id, rc_id, racetime, weather_id, limits, type_id, notes) VALUES (264, 'Race 9', 55, 40, '10:30', 1, '6', 1, '');
INSERT INTO race (id, name, tl_id, rc_id, racetime, weather_id, limits, type_id, notes) VALUES (265, 'Race 1', 8, 41, '09:30', 2, '8', 1, '');
INSERT INTO race (id, name, tl_id, rc_id, racetime, weather_id, limits, type_id, notes) VALUES (266, 'Race 2', 40, 41, '06:50', 1, '8', 1, '');
INSERT INTO race (id, name, tl_id, rc_id, racetime, weather_id, limits, type_id, notes) VALUES (267, 'Race 3', 77, 41, '06:15', 1, '10', 1, '');
INSERT INTO race (id, name, tl_id, rc_id, racetime, weather_id, limits, type_id, notes) VALUES (268, 'Race 4', 74, 41, '06:30', 1, '5', 1, '');
INSERT INTO race (id, name, tl_id, rc_id, racetime, weather_id, limits, type_id, notes) VALUES (269, 'Race 5', 65, 41, '12:00', 1, '7', 1, '');
INSERT INTO race (id, name, tl_id, rc_id, racetime, weather_id, limits, type_id, notes) VALUES (270, 'Race 6', 23, 41, '07:00', 1, '7', 1, '');
INSERT INTO race (id, name, tl_id, rc_id, racetime, weather_id, limits, type_id, notes) VALUES (271, 'Race 7', 19, 41, '10:00', 1, '5', 1, '');
INSERT INTO race (id, name, tl_id, rc_id, racetime, weather_id, limits, type_id, notes) VALUES (272, 'Race 1', 68, 42, '13:15', 1, '10', 1, '');
INSERT INTO race (id, name, tl_id, rc_id, racetime, weather_id, limits, type_id, notes) VALUES (273, 'Race 2', 60, 42, '15:10', 1, '5', 1, '');
INSERT INTO race (id, name, tl_id, rc_id, racetime, weather_id, limits, type_id, notes) VALUES (274, 'Race 3', 55, 42, '19:30', 1, '8', 1, '');
INSERT INTO race (id, name, tl_id, rc_id, racetime, weather_id, limits, type_id, notes) VALUES (275, 'Race 4', 76, 42, '09:15', 1, '10', 1, '');
INSERT INTO race (id, name, tl_id, rc_id, racetime, weather_id, limits, type_id, notes) VALUES (276, 'Race 5', 74, 42, '15:00', 1, '3', 1, '');
INSERT INTO race (id, name, tl_id, rc_id, racetime, weather_id, limits, type_id, notes) VALUES (277, 'Race 1', 81, 43, '12:00', 1, '60', 2, '');
INSERT INTO race (id, name, tl_id, rc_id, racetime, weather_id, limits, type_id, notes) VALUES (278, 'Race 2', 74, 43, '11:00', 1, '60', 2, '');
INSERT INTO race (id, name, tl_id, rc_id, racetime, weather_id, limits, type_id, notes) VALUES (279, 'Race 3', 64, 43, '12:00', 1, '60', 2, '');
INSERT INTO race (id, name, tl_id, rc_id, racetime, weather_id, limits, type_id, notes) VALUES (280, 'Race 4', 78, 43, '17:15', 1, '30', 1, '');
INSERT INTO race (id, name, tl_id, rc_id, racetime, weather_id, limits, type_id, notes) VALUES (281, 'Race 5', 61, 43, '06:25', 1, '20', 1, '');
INSERT INTO race (id, name, tl_id, rc_id, racetime, weather_id, limits, type_id, notes) VALUES (282, 'Race 6', 19, 43, '10:00', 1, '30', 1, '');
INSERT INTO race (id, name, tl_id, rc_id, racetime, weather_id, limits, type_id, notes) VALUES (283, 'Race 7', 73, 43, '16:45', 1, '30', 1, '');
INSERT INTO race (id, name, tl_id, rc_id, racetime, weather_id, limits, type_id, notes) VALUES (284, 'Race 1', 51, 44, '15:45', 1, '30', 1, '');
INSERT INTO race (id, name, tl_id, rc_id, racetime, weather_id, limits, type_id, notes) VALUES (285, 'Race 2', 2, 44, '06:30', 1, '30', 1, '');
INSERT INTO race (id, name, tl_id, rc_id, racetime, weather_id, limits, type_id, notes) VALUES (286, 'Race 3', 74, 44, '21:00', 1, '60', 2, '');
INSERT INTO race (id, name, tl_id, rc_id, racetime, weather_id, limits, type_id, notes) VALUES (287, 'Race 4', 55, 44, '10:30', 1, '30', 1, '');
INSERT INTO race (id, name, tl_id, rc_id, racetime, weather_id, limits, type_id, notes) VALUES (288, 'Race 5', 43, 44, '16:35', 1, '30', 1, '');
INSERT INTO race (id, name, tl_id, rc_id, racetime, weather_id, limits, type_id, notes) VALUES (289, 'Race 6', 80, 44, '08:00', 1, '60', 2, '');
INSERT INTO race (id, name, tl_id, rc_id, racetime, weather_id, limits, type_id, notes) VALUES (290, 'Race 1', 64, 45, '12:00', 1, '30', 1, '');
INSERT INTO race (id, name, tl_id, rc_id, racetime, weather_id, limits, type_id, notes) VALUES (291, 'Race 2', 67, 45, '08:00', 1, '25', 1, '');
INSERT INTO race (id, name, tl_id, rc_id, racetime, weather_id, limits, type_id, notes) VALUES (292, 'Race 3', 4, 45, '10:00', 1, '30', 1, '');
INSERT INTO race (id, name, tl_id, rc_id, racetime, weather_id, limits, type_id, notes) VALUES (293, 'Race 4', 77, 45, '06:15', 1, '30', 1, '');
INSERT INTO race (id, name, tl_id, rc_id, racetime, weather_id, limits, type_id, notes) VALUES (294, 'Race 5', 43, 45, '14:55', 1, '30', 1, '');
INSERT INTO race (id, name, tl_id, rc_id, racetime, weather_id, limits, type_id, notes) VALUES (295, 'Race 6', 53, 45, '16:00', 2, '30', 1, '');
INSERT INTO race (id, name, tl_id, rc_id, racetime, weather_id, limits, type_id, notes) VALUES (296, 'Race 7', 79, 45, '12:00', 1, '60', 2, '');
INSERT INTO race (id, name, tl_id, rc_id, racetime, weather_id, limits, type_id, notes) VALUES (297, 'Race 1', 53, 46, '16:00', 2, '30', 1, '');
INSERT INTO race (id, name, tl_id, rc_id, racetime, weather_id, limits, type_id, notes) VALUES (298, 'Race 2', 23, 46, '07:00', 1, '30', 1, '');
INSERT INTO race (id, name, tl_id, rc_id, racetime, weather_id, limits, type_id, notes) VALUES (299, 'Race 3', 73, 46, '16:45', 1, '30', 1, '');
INSERT INTO race (id, name, tl_id, rc_id, racetime, weather_id, limits, type_id, notes) VALUES (300, 'Race 4', 64, 46, '15:00', 2, '30', 1, '');
INSERT INTO race (id, name, tl_id, rc_id, racetime, weather_id, limits, type_id, notes) VALUES (301, 'Race 5', 76, 46, '09:30', 1, '36', 1, '');

PRAGMA foreign_keys = on;
